Artist ,Event Title,Event Date,Year,Country ,City,Genre(s),Notes/Highlights
brooklyn shanti,Boxout Wednesdays 001,8th March,2017,USA,New York ,"Hip-Hop, Global Bass, Dancehall, Reggae",
tittsworth,Boxout Wednesdays 001,8th March,2017,USA,New York ,"Baltimore, Jersey Club, Moombahton",
cob,Boxout Wednesdays 001,8th March,2017,UAE ,Dubai ,"world music, dubstep, bass ",
SuReal,Boxout Wednesdays 002,15th March,2017,India,New Delhi,"Dancehall, hip-hop, trap, Moombahton",
MadStarBase,Boxout Wednesdays 003,22nd March,2017,India,New Delhi,"hip-hop, dancehall , mollywood ",
Drum Attic,Boxout Wednesdays 004,29th March ,2017,India ,Goa,Techno ,
swaggamuffin,Boxout Wednesdays 005,5th April,2017,India ,New Delhi,"grime, dancehall, afrobeats",
tbonestakez,Boxout Wednesdays 005,5th April ,2017,India ,Mumbai,"hip-hop, dubste",
thegreybox,Boxout Wednesdays 006,12th April,2017,India ,New Delhi,"hip-hop, beats, club",
DJ MoCity,Boxout Wednesdays 006,12th April,2017,India ,New Delhi,"Reggae, Dancehall, Bass, Grime, Arabic ",
bjørn torske,Boxout Wednesdays 007,19th April,2017,Norway,Bergen,"House, Disco, Nu-Disco ",
moniker,Boxout Wednesdays 007,19th April,2017,India ,New Delhi,"House, Disco, Bass, Club ",
philip tbc,Boxout Wednesdays 008,3rd May ,2017,Czech Republic,Prague,"DnB, Jungle, Bass, Halftime, Breaks ",
T.O.D ,Boxout Wednesdays 008,3rd May,2017,India ,New Delhi,"Techno, House, Minimal, Progressive House",
Drum Attic,Boxout Wednesdays 009,10th May ,2017,India ,Goa,Techno ,
rohan kalé,Boxout Wednesdays 009,10th May,2017,India ,New Delhi,"DnB, Jungle, Grime, Dubstep, Club ",
frame/frame,Boxout Wednesdays 010,17th May,2017,India,New Delhi ,"Techno, IDM, Bass ",
mistress,Boxout Wednesdays 010,17th May,2017,India,New Delhi ,"House, Disco, Tech-House ",
MadStarBase,Boxout Wednesdays 011,24th May,2017,India,New Delhi ,"hip-hop, dancehall , mollywood ",
thegreybox,Boxout Wednesdays 011,24th May,2017,India,New Delhi ,"hip-hop, beats, club",
eng.,Boxout Wednesdays 012,31st May,2017,India,New Delhi ,"House, Disco, Bass, Club ",
moniker,Boxout Wednesdays 012,31st May,2017,India,New Delhi ,"House, Disco, Bass, Club ",
agent,Boxout Wednesdays 013,7th June,2017,India ,Goa,"world music, lounge ",
worms cottage ,Boxout Wednesdays 013,7th June,2017,India,Bengaluru,"Electronica, Downtempo, IDM, Ambient",
up7t,Boxout Wednesdays 014,14th June,2017,India,New Delhi ,"Grime, Dubstep, UKG, Breaks",
corridors,Boxout Wednesdays 014,14th June,2017,India,New Delhi,"DnB, Elctronica, Experimental, Bass",
film,Boxout Wednesdays 015,21st June,2017,India ,New Delhi,"Techno, Electro, EBM, Breaks, Bass",
uday dass,Boxout Wednesdays 015,21st June,2017,India,New Delhi,"House, Disco, Funk, Indie Dance",
shft,Boxout Wednesdays 016,28th June ,2017,India,Goa,"Techno, Minimal, Progressive House, Deep House",
décima,Boxout Wednesdays 016,28th June ,2017,India,New Delhi,"Techno, House, Electro, Breaks",
Ez Rizer,Boxout Wednesdays 017,5th July,2017,India,Mumbai,"Bass, Footwork, Dubstep, UKG",
Seven Seven,Boxout Wednesdays 017,5th July,2017,India,New Delhi,"Hip-Hop, Funk, R&B, Disco",
Uday Kapur,Boxout Wednesdays 017,5th July,2017,India,New Delhi,"Hip-Hop, Future Beats, Trap, R&B",
Diggy Dang,Boxout Wednesdays 018,12th July,2017,India,New Delhi,"Reggae, Dancehall, Dub, Roots",
Ase,Boxout Wednesdays 018,12th July,2017,India ,New Delhi,"R&B, Hip-Hop, Future Beats, Dancehall",
Profound ,Boxout Wednesdays 019,19th July ,2017,India,New Delhi,"Drum and Bass, Jungle, Halftime, Neurofunk",
Midland Sparks,Boxout Wednesdays 019,19th July,2017,India,Pune,"Techno, House, Electro, Breaks",
BigFat,Boxout Wednesdays 020,26th July ,2017,India,Mumbai,"Hip-Hop, Trap, Grime, Bass",
DJ MoCity,Boxout Wednesdays 020,26th July ,2017,India,New Delhi,"House, Disco, Nu Disco, Deep House",
Stalvart John,Boxout Wednesdays 021,2nd Aug,2017,India ,Bengaluru,"Dubstep, Grime, Bass, UKG",
N*hilate,Boxout Wednesdays 021,2nd Aug,2017,India ,New Delhi,"Dubstep, Grime, Global Bass, UKG",
Nuphlo ,Boxout Wednesdays 022,9th Aug ,2017,UK,Leeds,"Drum and Bass, Jungle, Halftime, Neurofunk",
Komplex,Boxout Wednesdays 022,9th Aug,2017,USA,Richmond,"Techno, Electro, Leftfield Bass, Breaks",
dreamstates,Boxout Wednesdays 023,16th Aug,2017,India ,Mumbai,"Hip-Hop, Future Beats, R&B, Funk",
AGENT,Boxout Wednesdays 023,16th Aug,2017,India ,Goa,"UKG, Breaks, Dubstep, Grime",
rohan kale,Boxout Wednesdays 024,23rd Aug ,2017,India ,New Delhi,"Hip-Hop, R&B, Afro Electronic, Dancehall",
thegreybox,Boxout Wednesdays 024,23rd Aug,2017,India ,New Delhi,"Progressive House, Melodic Techno, Deep House, Electronica",
Neal_ess,Boxout Wednesdays 024,23rd Aug,2017,India ,New Delhi,"Drum and Bass, Jungle, Halftime, Breaks",
Vridian ,Boxout Wednesdays 025,30th Aug,2017,India ,New Delhi,"Dub Techno, Minimal, Ambient, Experimental",
frame/frame,Boxout Wednesdays 025,30th Aug,2017,India ,New Delhi,"Techno, Electro, EBM, Breaks",
Drum Attic,Boxout Wednesdays 025,30th Aug,2017,India ,Goa,"R&B, Hip-Hop, Future Beats, Trap",
Deadbeat ,Boxout Wednesdays 026,6th Sep,2017,Germany,Berlin,"Drum and Bass, Jungle, Halftime, Breaks",
FILM,Boxout Wednesdays 026,6th Sep,2017,India ,New Delhi,"Footwork, Drum and Bass, Hip-Hop, Turntablism",
2Sensitive ,Boxout Wednesdays 027,13th Sep,2017,India,Mumbai,"Hip-Hop, Turntablism, Trap, Bass",
Daisho,Boxout Wednesdays 027,13th Sep,2017,India,Bengaluru,"Electronica, Downtempo, Leftfield Bass, Ambient",
Jon1st,Boxout Wednesdays 028,20th Sep,2017,UK,Leicester,"Techno, House, Minimal, Electro",
DJ Skip,Boxout Wednesdays 028,20th Sep,2017,India ,New Delhi,"Future Beats, Hip-Hop, Leftfield Bass, UKG",
Sunara,Boxout Wednesdays 029,27th Sep,2017,Sri Lanka,Colombo,"Electronica, Downtempo, Leftfield Bass, Ambient",
Asvajit,Boxout Wednesdays 029,27th Sep,2017,Sri Lanka,Colombo,"Techno, House, Minimal, Electro",
Tim Parker,Boxout Wednesdays 030,4th Oct,2017,Netherlands,Amsterdam,"Future Beats, Hip-Hop, Leftfield Bass, UKG",
UP7T,Boxout Wednesdays 030,4th Oct,2017,India,New Delhi,"Grime, Dubstep, UKG, Breaks",
Uday Kapur,Boxout Wednesdays 030,4th Oct,2017,India ,New Delhi,"Hip-Hop, Future Beats, Trap, R&B",
MC Soopy,Boxout Wednesdays 030,4th Oct,2017,India ,New Delhi,"Reggae, Dancehall, Dub, Roots",
Luna Toke ,Boxout Wednesdays 031,11th Oct,2017,India,Goa,"R&B, Hip-Hop, Future Beats, Dancehall",
AGENT,Boxout Wednesdays 031,11th Oct,2017,India ,Goa,"Drum and Bass, Jungle, Halftime, Neurofunk",
Deep Brown,Boxout Wednesdays 032,25th Oct,2017,India ,Kolkata,"Techno, House, Electro, Breaks",
Rohan Kale,Boxout Wednesdays 032,25th Oct,2017,India ,New Delhi,"Hip-Hop, Trap, Grime, Bass",
Seb Wildblood,Boxout Wednesdays 033,1st Nov,2017,USA,Los Angeles,"House, Disco, Nu Disco, Deep House",
Suchi,Boxout Wednesdays 033,1st Nov,2017,Norway,Oslo,"Dubstep, Grime, Bass, UKG",
Clap!Clap!,Boxout Wednesdays 034,8th Nov ,2017,Italy,Tuscany,"Dubstep, Grime, Global Bass, UKG",
Oceantied ,Boxout Wednesdays 034,8th Nov ,2017,India ,Bengaluru,"Drum and Bass, Jungle, Halftime, Neurofunk",
Kumail ,Boxout Wednesdays 034,8th Nov ,2017,Portugal,Lisbon,"Techno, Electro, Leftfield Bass, Breaks",
Venuq,Boxout Wednesdays 034,8th Nov ,2017,UK,Leeds,"Hip-Hop, Future Beats, R&B, Funk",
Compa ,Boxout Wednesdays 035,15th Nov,2017,UK,Lancashire,"UKG, Breaks, Dubstep, Grime",
Lacuna,Boxout Wednesdays 035,15th Nov,2017,India,Chandigarh,"Hip-Hop, R&B, Afro Electronic, Dancehall",
MadStarBase,Boxout Wednesdays 036,22nd Nov ,2017,India,New Delhi,"Progressive House, Melodic Techno, Deep House, Electronica",
thegreybox,Boxout Wednesdays 036,22nd Nov ,2017,India ,New Delhi,"Drum and Bass, Jungle, Halftime, Breaks",
The Whooligan ,Boxout Wednesdays 037,29th Nov,2017,USA,New York,"Dub Techno, Minimal, Ambient, Experimental",
DJ MoCity,Boxout Wednesdays 037,29th Nov,2017,India ,New Delhi,"Techno, Electro, EBM, Breaks",
She's Drunk,Boxout Wednesdays 038,6th Dec,2017,Germany,Berlin,"R&B, Hip-Hop, Future Beats, Trap",
Profound ,Boxout Wednesdays 038,6th Dec,2017,India ,New Delhi,"Drum and Bass, Jungle, Halftime, Breaks",
Essarai ,Boxout Wednesdays 039,13th Dec,2017,UAE,Dubai,"Footwork, Drum and Bass, Hip-Hop, Turntablism",
Maximum Haze,Boxout Wednesdays 039,13th Dec,2017,UK,London,"Hip-Hop, Turntablism, Trap, Bass",
Will Davenport,Boxout Wednesdays 039,13th Dec,2017,UK,London,"Electronica, Downtempo, Leftfield Bass, Ambient",
Boxout Soundsystem,Boxout Wednesdays 040,20th Dec,2017,India ,New Delhi,"Techno, House, Minimal, Electro",
DJ Prozac,Boxout Wednesdays 041,27th Dec,2017,USA,New York,"Future Beats, Hip-Hop, Leftfield Bass, UKG",
Kaleekarma,Boxout Wednesdays 041,27th Dec,2017,India ,Goa,"Bass, Grime, Dubstep, Club",
Drum Attic,Boxout Wednesdays 042,3rd Jan,2018,India ,Goa,"Hip-Hop, Future Beats, Trap, R&B",
Mad Professor ,Boxout Wednesdays 043,10th Jan ,2018,UK,London,"Dancehall, Dub, Reggae, Bass",
Johnny Osbourne ,Boxout Wednesdays 044,17th Jan,2018,Jamaica,Kingston,"Hip-Hop, R&B, Afro Electronic, Trap",
Soul Stereo,Boxout Wednesdays 044,17th Jan,2018,,,"Drum and Bass, Jungle, Halftime, Breaks",
Adam Rahman,Boxout Wednesdays 045,24th Jan ,2018,UAE,Dubai,"House, Disco, Nu Disco, Deep House",
Sindhi Curry,Boxout Wednesdays 046,31st Jan,2018,India ,Mumbai,"Dub Techno, Ambient, Experimental, Minimal",
ENG.,Boxout Wednesdays 047,7th Feb ,2018,India ,New Delhi,"Techno, Electro, EBM, Breaks",
Rohan Kale,Boxout Wednesdays 048,14th Feb,2018,India ,New Delhi,"R&B, Hip-Hop, Future Beats, Trap",
Hemant Chotani,Boxout Wednesdays 048,14th Feb,2018,India ,New Delhi,"Drum and Bass, Jungle, Halftime, Breaks",
Nickodemus,Boxout Wednesdays 049,21st Feb,2018,USA,New York,"Footwork, Drum and Bass, Hip-Hop, Turntablism",
Aaron DRM,Boxout Wednesdays 049,21st Feb,2018,USA,"Brooklyn, New York","Hip-Hop, Turntablism, Trap, Bass",
Éclair Fifi ,Boxout Wednesdays 050,28th Feb,2018,Scotland,Edinburgh,"Electronica, Downtempo, Leftfield Bass, Ambient",
Daisho,Boxout Wednesdays 050,28th Feb,2018,India ,Bengaluru,"Techno, House, Minimal, Electro",
Boxout Soundsystem,Boxout Wednesdays 051,7th March,2018,India ,New Delhi,"Future Beats, Hip-Hop, Leftfield Bass, UKG",1 year bday 
Malfnktion,Boxout Wednesdays 052,14th March,2018,Canada,Toronto,"Bass, Hip-Hop, Electronica, Experimental",
UP7T,Boxout Wednesdays 052,14th March,2018,India ,New Delhi,"Grime, Dubstep, UKG, Breaks",
Nightwave,Boxout Wednesdays 053,21st March,2018,Glasgow,Scotland,"Techno, Electro, House, Club",
Spryk,Boxout Wednesdays 053,21st March,2018,India ,Mumbai,"Bass, Electronica, Leftfield, Hip-Hop",
Jose Marquez,Boxout Wednesdays 054,28th March,2018,USA,Los Angeles,"Afro House, Soulful House, Latin, Global Bass",
mistress,Boxout Wednesdays 054,28th March,2018,India ,New Delhi,"House, Disco, Funk, Soul",
Drum Attic,Boxout Wednesdays 055,4th April,2018,India ,Goa,"Drum and Bass, Jungle, Breaks, Halftime",
Abhi Meer,Boxout Wednesdays 055,4th April,2018,India ,Mumbai,"Future Beats, Bass, Hip-Hop, Leftfield",
Boxout Soundsystem,Boxout Wednesdays 056,11th April,2018,India ,New Delhi,"Afro House, Latin, Soulful, Funk",
Nathan Jonson,Boxout Wednesdays 057,18th April,2018,Canada,Victoria,"Disco, Boogie, House, Funk",
Spacejams,Boxout Wednesdays 057,18th April,2018,India ,Mumbai,"House, Disco, Funk, Soul",
IJA,Boxout Wednesdays 058,25th April ,2018,,,"Ambient, Electronica, Downtempo, Experimental",
Babloo Babylon,Boxout Wednesdays 058,25th April ,2018,India ,New Delhi,"Reggae, Dub, Dancehall, Hip-Hop",
Paper Queen ,Boxout Wednesdays 059,2nd May,2018,India ,Mumbai,"R&B, Soul, Pop, Electronica",
thegreybox,Boxout Wednesdays 059,2nd May,2018,India ,New Delhi,"UK Garage, Breaks, Bass, Dubstep",
Stalvart John ,Boxout Wednesdays 060,9th May,2018,India ,Bengaluru,"House, Disco, Funk, Deep House",
D80,Boxout Wednesdays 060,9th May,2018,India ,New Delhi,"Hip-Hop, Trap, Club, Bass",
Stain ,Boxout Wednesdays 061,16th May ,2018,India ,New Delhi,"Bass, Dubstep, Breaks, Experimental",
Npstr,Boxout Wednesdays 061,16th May ,2018,India ,New Delhi,"House, Funk, Disco, Soul",
DJ MoCity,Boxout Wednesdays 061,16th May ,2018,India ,New Delhi,"Hip-Hop, Beats, Reggae, Soul",
MC Soopy,Boxout Wednesdays 061,16th May ,2018,India ,New Delhi,"Grime, Hip-Hop, Dancehall, Dub",
EZ Riser,Boxout Wednesdays 061,16th May ,2018,India ,Mumbai,"Bass, Footwork, Jungle, Breaks",
Madam X,Boxout Wednesdays 061,16th May ,2018,UK,Manchester,"Grime, UK Bass, Techno, Club",
 Nathan Fake,Boxout Wednesdays 062,23rd May,2018,UK,Norfolk,"Techno, Electronica, IDM, Ambient",
Flava D ,Boxout Wednesdays 063,30th May,2018,UK,London,"UK Garage, Bassline, Grime, Bass",
N*hilate,Boxout Wednesdays 063,30th May,2018,India ,New Delhi,"Dubstep, Grime, Bass, UK Garage",
Delhi Sultanate,Boxout Wednesdays 064,6th June,2018,India ,New Delhi ,"Reggae, Dancehall, Dub, Roots",
Flux Vortex,Boxout Wednesdays 064,6th June,2018,India ,New Delhi,"Drum and Bass, Jungle, Breaks, Halftime",
Noah Slee,Boxout Wednesdays 065,13th June,2018,New Zealand,Auckland,"Soul, R&B, Electronica, Funk",
Jordan Johnson,Boxout Wednesdays 065,13th June,2018,,,"House, Disco, Funk, Soul",
Dualist Inquiry ,Boxout Wednesdays 066,20th June,2018,India ,Goa,"Indie Electronica, House, Electronica, Pop",
Trafficc,Boxout Wednesdays 066,20th June,2018,India ,New Delhi,"Club, Techno, Bass, Global",
Nina Las Vegas,Boxout Wednesdays 067,27th June,2018,Australia,South Wales,"Club, Jersey Club, Baile Funk, Bass",
MadStarBase,Boxout Wednesdays 067,27th June,2018,India ,New Delhi,"Hip-Hop, Dancehall, Reggae, Bass",
Aeon Waves ,Boxout Wednesdays 068,4th July,2018,India ,Ahmedabad,"Electronica, Ambient, Downtempo, Beats",
Rohan Kale,Boxout Wednesdays 068,4th July,2018,India ,New Delhi,"Hip-Hop, Soul, R&B, Funk",
Ox7gen,Boxout Wednesdays 068,4th July,2018,India ,Mumbai,"Drum and Bass, Jungle, Liquid, Breaks",
Girls Night Out ,Boxout Wednesdays 068,4th July,2018,India ,New Delhi,"Pop, Club, House, Disco",
Quark!,Boxout Wednesdays 068,4th July,2018,,,"Techno, Electro, EBM, Breaks",
FILM,Boxout Wednesdays 069,11th July,2018,India ,New Delhi,"Electronica, Ambient, Downtempo, Experimental",
Bhish,Boxout Wednesdays 069,11th July,2018,India ,New Delhi,"House, Techno, Electronica, Club",
NPSTR,Boxout Wednesdays 069,11th July,2018,India ,New Delhi,"Bass, Dubstep, Breaks, Experimental",
Stain ,Boxout Wednesdays 069,11th July,2018,India ,New Delhi,"Hip-Hop, Rap, Bass, Trap",
Prabh Deep,Boxout Wednesdays 070,18th July,2018,India ,New Delhi ,"Hip-Hop, Rap, Trap, Drill",
Seedhe Maut,Boxout Wednesdays 070,18th July,2018,India ,New Delhi ,"Techno, House, Electro, Minimal",
Sodhi,Boxout Wednesdays 070,18th July,2018,India ,New Delhi ,"Electronica, Ambient, Downtempo, Breaks",
MIREDO,Boxout Wednesdays 070,18th July,2018,India ,New Delhi,"Drum and Bass, Jungle, Bass, Halftime",
Danny Scrilla,Boxout Wednesdays 071,25th July ,2018,,,"Hip-Hop, Trap, R&B, Bass",
A/K/A Sounds,Boxout Wednesdays 071,25th July ,2018,,,"Drum and Bass, Jungle, Halftime, Neurofunk",
MC Soopy,Boxout Wednesdays 071,25th July ,2018,India ,New Delhi,"Techno, House, Electro, Breaks",
Nishant gill,Boxout Wednesdays 071,25th July ,2018,India ,New Delhi,"Dub Techno, Ambient, Experimental, Electronica",
Drum Attic,Boxout Wednesdays 072,1st Aug ,2018,India ,Goa,"Bass, Footwork, Jungle, Breaks",
Mister.K,Boxout Wednesdays 072,1st Aug ,2018,,,"Hip-Hop, Turntablism, Funk, Bass",
DNKLE,Boxout Wednesdays 072,1st Aug ,2018,,,"Drum and Bass, Jungle, Breaks, Halftime",
Tanzen,Boxout Wednesdays 072,1st Aug ,2018,India ,New Delhi,"Techno, Electro, Minimal, Club",
Stain ,Boxout Wednesdays 072,1st Aug ,2018,India ,New Delhi,"Techno, House, Progressive, Deep House",
Yidam,Boxout Wednesdays 073,8th Aug ,2018,India ,Kolkata,"Bass, Experimental, Club, Leftfield",
Flexi K,Boxout Wednesdays 073,8th Aug ,2018,,,"House, Disco, Funk, Soul",
Jamblu ,Boxout Wednesdays 073,8th Aug ,2018,India ,Mumbai,"Techno, House, Electro, Minimal",
MC Soopy,Boxout Wednesdays 073,8th Aug ,2018,India ,New Delhi,"Electronica, Experimental, Jazz, Ambient",
MIREDO,Boxout Wednesdays 073,8th Aug ,2018,India ,New Delhi,"Drum and Bass, Jungle, Halftime, Neurofunk",
Abhi Meer,Boxout Wednesdays 074,22nd Aug,2018,India ,Mumbai,"Downtempo, Ambient, Electronica, Experimental",
Girls Night Out ,Boxout Wednesdays 074,22nd Aug,2018,India ,New Delhi,"Soul, R&B, Jazz, Pop",
Nishant gill,Boxout Wednesdays 074,22nd Aug,2018,India ,New Delhi,"Electronica, Downtempo, Leftfield, Beats",
Sodhi,Boxout Wednesdays 074,22nd Aug,2018,India ,New Delhi,"House, Disco, Funk, Soul",
AGENT,Boxout Wednesdays 075,29th Aug,2018,India ,Goa,"House, Disco, Funk, Soul",
moniker,Boxout Wednesdays 075,29th Aug,2018,India ,New Delhi,"Deep House, Jazz, Funk, Soul",
Vridian ,Boxout Wednesdays 075,29th Aug,2018,India ,New Delhi,"Electronica, Indie Dance, Experimental, House",
Ezzyland,Boxout Wednesdays 076,5th Sep,2018,India ,,"Hip-Hop, Rap, Dancehall, Grime",
GMB,Boxout Wednesdays 076,5th Sep,2018,QATAR,Doha,"Dubstep, Bass, Grime, Club",
Tanzen,Boxout Wednesdays 076,5th Sep,2018,India ,New Delhi,"Hip-Hop, R&B, Soul, Pop",
Hiranya,Boxout Wednesdays 076,5th Sep,2018,India ,New Delhi,"Pop, R&B, Soul, Electronica",
Shireen,Boxout Wednesdays 076,5th Sep,2018,India ,New Delhi,"Jazz, Soul, Funk, R&B",
DY,Boxout Wednesdays 076,5th Sep,2018,,,"Hip-Hop, Experimental, Club, Bass",
Daisuke Tanabe ,Boxout Wednesdays 077,12th Sep,2018,,,"Electronica, Ambient, Downtempo, Experimental",
CEE,Boxout Wednesdays 077,12th Sep,2018,,,"House, Techno, Deep House, Progressive",
Vijeyata ,Boxout Wednesdays 077,12th Sep,2018,India ,Goa,"Pop, Club, Disco, Funk",
Pia Collada,Boxout Wednesdays 077,12th Sep,2018,India ,Goa,"Electronica, Ambient, Experimental, Downtempo",
Lush Lata,Boxout Wednesdays 077,12th Sep,2018,India ,New Delhi,"Jazz, Soul, Funk, Electronica",
Pablo Valentino ,Boxout Wednesdays 078,19th Sep ,2018,,,"House, Disco, Funk, Soul",
Rohan Kale,Boxout Wednesdays 078,19th Sep ,2018,India ,New Delhi,"Electronica, House, Indie Dance, Techno",
Priyam ,Boxout Wednesdays 078,19th Sep ,2018,India ,New Delhi,"Pop, Club, R&B, Electronica",
Kavtinaa,Boxout Wednesdays 078,19th Sep ,2018,India ,,"Electronica, Downtempo, Leftfield, Beats",
E,Boxout Wednesdays 078,19th Sep ,2018,India ,,"Soul, Jazz, Funk, R&B",
Flowdan ,Boxout Wednesdays 079,26th Sep,2018,UK,London,"Techno, Electro, Breaks, House",
Sub-Z,Boxout Wednesdays 079,26th Sep,2018,India ,New Delhi,"Ambient, Downtempo, Experimental, Electronica",
Febbymomma,Boxout Wednesdays 079,26th Sep,2018,India ,,"R&B, Soul, Hip-Hop, Pop",
Zen Zenan,Boxout Wednesdays 079,26th Sep,2018,,,"Electronica, Experimental, Downtempo, Ambient",
Oindrilla,Boxout Wednesdays 079,26th Sep,2018,,,"Soul, Jazz, Pop, Indie",
Tansane,Boxout Wednesdays 080,3rd Oct,2018,,,"Jazz, Soul, Electronica, Ambient",
Nigel,Boxout Wednesdays 080,3rd Oct,2018,,,"House, Disco, Funk, Soul",
MC Soopy,Boxout Wednesdays 080,3rd Oct,2018,India ,New Delhi,"Grime, Hip-Hop, Dancehall, Dub",
Fadescha,Boxout Wednesdays 080,3rd Oct,2018,India ,,"Experimental, Electronic, Ambient, Avant-Garde",
Hiranya,Boxout Wednesdays 080,3rd Oct,2018,India ,New Delhi,"Downtempo, Ambient, Electronica, Experimental",
DY,Boxout Wednesdays 080,3rd Oct,2018,,,"Electronica, Downtempo, Chillout, Ambient",
Maghreban,Boxout Wednesdays 081,10th Oct,2018,,,"House, Techno, Experimental, Bass",
Girls Night Out ,Boxout Wednesdays 081,10th Oct,2018,India ,New Delhi,"Pop, Club, House, Disco",
Priyam ,Boxout Wednesdays 081,10th Oct,2018,India ,New Delhi,"R&B, Soul, Pop, Electronica",
Lush Lata,Boxout Wednesdays 081,10th Oct,2018,India ,New Delhi,"House, Disco, Funk, Soul",
Pia Collada,Boxout Wednesdays 081,10th Oct,2018,India ,Goa,"Pop, Club, Disco, Funk",
dreamstates,Boxout Wednesdays 082,17th Oct,2018,India ,Mumbai,"Electronica, Downtempo, Leftfield, Beats",
Zokhuma,Boxout Wednesdays 082,17th Oct,2018,India ,Mumbai,"House, Indie Dance, Electronica, Techno",
DJ Sapphic,Boxout Wednesdays 082,17th Oct,2018,,,"Club, R&B, House, Disco",
Shireen,Boxout Wednesdays 082,17th Oct,2018,UK,London,"Electronica, Downtempo, Ambient, Experimental",
Vijeyata,Boxout Wednesdays 082,17th Oct,2018,India ,Goa,"Pop, R&B, Soul, Jazz",
Bryron The Aqarius ,Boxout Wednesdays 083,24th Oct,2018,,,"Soul, R&B, Jazz, Funk",
Midland Sparks,Boxout Wednesdays 083,24th Oct,2018,,,"Techno, Electro, Breaks, House",
Rodali ,Boxout Wednesdays 083,24th Oct,2018,India ,New Delhi,"Techno, House, Electro, Minimal",
Kavtinaa ,Boxout Wednesdays 083,24th Oct,2018,,,"Electronica, Indie Dance, Experimental, Downtempo",
Zequenx,Boxout Wednesdays 083,24th Oct,2018,India ,Goa,"House, Deep House, Electronica, Afro House",
Chands,Boxout Wednesdays 084,31st Oct,2018,,,"Techno, Electro, Experimental, Bass",
Febbymomma,Boxout Wednesdays 084,31st Oct,2018,India ,,"R&B, Soul, Hip-Hop, Pop",
Oindrilla,Boxout Wednesdays 084,31st Oct,2018,,,"Soul, Jazz, Pop, Indie",
Ah! Kosmos,Boxout Wednesdays 085,14th Nov,2018,,,"Experimental, Ambient, Electronica, Avant-Garde",
Fopchu,Boxout Wednesdays 085,14th Nov,2018,India ,,"Funk, Electronica, Indie, Jazz",
Vijeyata,Boxout Wednesdays 085,14th Nov,2018,India ,Goa,"Pop, R&B, Soul, Electronica",
Lush Lata,Boxout Wednesdays 085,14th Nov,2018,India ,New Delhi,"House, Disco, Funk, Soul",
Priyam ,Boxout Wednesdays 085,14th Nov,2018,UK,New Delhi,"R&B, Soul, Pop, Electronica",
Joh1st,Boxout Wednesdays 086,21st Nov,2018,,,"Turntablism, Hip-Hop, Bass, Beats",
Tanzen,Boxout Wednesdays 086,21st Nov,2018,India ,New Delhi,"Techno, Electro, Minimal, Club",
Sodhi,Boxout Wednesdays 086,21st Nov,2018,India ,New Delhi,"Techno, House, Electro, Minimal",
Pia Collada,Boxout Wednesdays 086,21st Nov,2018,India ,Goa,"Pop, Club, Disco, Funk",
Kavtinaa,Boxout Wednesdays 086,21st Nov,2018,India ,,"House, Deep House, Electronica, Afro House",
E,Boxout Wednesdays 086,21st Nov,2018,,,"Electronic, Ambient, Experimental, IDM",
Daedeulus,Boxout Wednesdays 087,28th Nov,2018,,,"Experimental, Downtempo, Electronica, Ambient",
Phon_o,Boxout Wednesdays 087,28th Nov,2018,,,"Electronica, Ambient, Downtempo, Experimental",
Lacuna,Boxout Wednesdays 087,28th Nov,2018,India ,Chandigarh,"House, Disco, Funk, Soul",
Zequenx,Boxout Wednesdays 087,28th Nov,2018,India ,Goa,"Techno, House, Electro, Minimal",
Fadescha,Boxout Wednesdays 087,28th Nov,2018,India ,,"Techno, Electro, Breaks, House",
Shireen,Boxout Wednesdays 087,28th Nov,2018,UK,London,"Pop, Club, Disco, Funk",
Nathan Jonson,Boxout Wednesdays 088,5th Dec,2018,Canada,Victoria,"R&B, Soul, Pop, Electronica",
Fourmi Rouz,Boxout Wednesdays 088,5th Dec,2018,,,"Electronica, Downtempo, Chillout, Beats",
Girls Night Out ,Boxout Wednesdays 088,5th Dec,2018,India ,New Delhi,"Hip-Hop, Reggae, Dub, Dancehall",
Oindrilla,Boxout Wednesdays 088,5th Dec,2018,,,"Soul, Jazz, Pop, Indie",
Priyam ,Boxout Wednesdays 088,5th Dec,2018,India,New Delhi,"R&B, Soul, Pop, Electronica",
DY,Boxout Wednesdays 088,5th Dec,2018,,,"Electronica, Downtempo, Chillout, Beats",
The 264 Cru,Boxout Wednesdays 089,12th Dec,2018,UAE,Dubai,"Hip-Hop, Reggae, Dub, Dancehall",
Short Human,Boxout Wednesdays 089,12th Dec,2018,India ,Guwahati,"Electronica, Ambient, Experimental, Downtempo",
Vijeyata,Boxout Wednesdays 089,12th Dec,2018,India ,Goa,"Pop, R&B, Soul, Jazz",
Shireen,Boxout Wednesdays 089,12th Dec,2018,UK,London,"Electronica, Downtempo, Ambient, Experimental",
DJRUM,Boxout Wednesdays 090,19th Dec,2018,,,"Drum and Bass, Jungle, Ambient, Techno",
Manaalina,Boxout Wednesdays 090,19th Dec,2018,,,"Ambient, Electronica, Experimental, Downtempo",
Ose,Boxout Wednesdays 090,19th Dec,2018,,,"R&B, Soul, Jazz, Electronica",
Fadescha,Boxout Wednesdays 090,19th Dec,2018,India ,,"Experimental, Electronic, Ambient, Avant-Garde",
Lush Lata,Boxout Wednesdays 090,19th Dec,2018,India ,New Delhi,"House, Disco, Funk, Soul",
Zen Zenan,Boxout Wednesdays 090,19th Dec,2018,,,"Electronica, Experimental, Downtempo, Ambient",
Memba,Boxout Wednesdays 091,26th Dec,2018,,,"Bass, Trap, Club, Electronic",
MadStarBase,Boxout Wednesdays 091,26th Dec,2018,India ,New Delhi,"Hip-Hop, Dancehall, Reggae, Bass",
DJ MoCity,Boxout Wednesdays 091,26th Dec,2018,India ,New Delhi,"Hip-Hop, Beats, Reggae, Soul",
Nash,Boxout Wednesdays 091,26th Dec,2018,India ,New Delhi,"R&B, Soul, Pop, Electronica",
Pia Collada,Boxout Wednesdays 091,26th Dec,2018,India ,Goa,"Pop, Club, Disco, Funk",
Hiranya,Boxout Wednesdays 091,26th Dec,2018,India ,New Delhi,"Downtempo, Ambient, Electronica, Experimental",
Rodali ,Boxout Wednesdays 091,26th Dec,2018,India ,,"Soul, R&B, Jazz, Funk",
Zipporah,Boxout Wednesdays 092,2nd Jan ,2019,,,"Electronica, Downtempo, Chillout, Beats",
Azúcar,Boxout Wednesdays 092,2nd Jan ,2019,,,"Afro House, Latin, Global Bass, Soulful",
Egoless ,Boxout Wednesdays 093,9th Jan,2019,,,"Dub, Reggae, Bass, Experimental",
Stain ,Boxout Wednesdays 093,9th Jan,2019,India ,New Delhi,"Bass, Dubstep, Breaks, Experimental",
Kavtinaa,Boxout Wednesdays 093,9th Jan,2019,,,"House, Deep House, Electronica, Afro House",
E,Boxout Wednesdays 093,9th Jan,2019,,,"Electronica, Ambient, Experimental, Downtempo",
Channel One Sound System,Boxout Wednesdays 094,16th Jan,2019,UK,London,"Dub, Reggae, Roots, Sound System",
Dreadsquad,Boxout Wednesdays 095,23rd Jan,2019,Poland,Łódź,"Reggae, Dub, Dancehall, Roots",
Jimmy Pé,Boxout Wednesdays 095,23rd Jan,2019,Slovakia,Bratislava,"Bass, Trap, Experimental, Club",
Nishant gill,Boxout Wednesdays 096,30th Jan ,2019,India ,New Delhi,"Techno, House, Electro, Minimal",
Trafficc,Boxout Wednesdays 096,30th Jan ,2019,India ,New Delhi,"Reggae, Dancehall, Dub, Roots",
Monophonik ,Boxout Wednesdays 096,30th Jan ,2019,India ,New Delhi,"Electronica, Downtempo, Ambient, Experimental",
Reggae Rajahs ,Boxout Wednesdays 097,6th Feb,2019,India ,New Delhi,"Hip-Hop, Experimental, Spoken Word, Grime",
Mowgli ,Boxout Wednesdays 098,13th Feb ,2019,Australia,Perth,"Pop, R&B, Soul, Electronica",
Shama Anwar,Boxout Wednesdays 098,13th Feb ,2019,UK,London,"Experimental, Electronica, Ambient, IDM",
Vijeyata ,Boxout Wednesdays 098,13th Feb ,2019,India ,Goa,"Ambient, Downtempo, Electronic, Chillout",
Clicks and Errors,Boxout Wednesdays 099,20th Feb,2019,,,"Experimental, Downtempo, Electronica, Ambient",
Diana Lovrin,Boxout Wednesdays 099,20th Feb,2019,,,"Downtempo, Ambient, Jazz, Soul",
Fossik Project ,Boxout Wednesdays 099,20th Feb,2019,,,"Electronica, Experimental, Ambient, Minimal",
Lucid Raaga ,Boxout Wednesdays 099,20th Feb,2019,,,"Jazz, Soul, Funk, R&B",
Viktor Furiani ,Boxout Wednesdays 099,20th Feb,2019,,,"Electronica, Downtempo, Experimental, Beats",
Samvida Nanda ,Boxout Wednesdays 099,20th Feb,2019,,,"R&B, Soul, Pop, Electronica",
Param Virdee,Boxout Wednesdays 099,20th Feb,2019,,,"House, Techno, Electronica, Minimal",
Priyam ,Boxout Wednesdays 099,20th Feb,2019,India,New Delhi,"R&B, Soul, Pop, Electronica",
E,Boxout Wednesdays 099,20th Feb,2019,,,"Electronica, Downtempo, Chillout, Beats",
The Librarian ,Boxout Wednesdays 100,27th Feb ,2019,,,"Bass, Drum and Bass, Jungle, Breaks",
Kavtinaa,Boxout Wednesdays 100,27th Feb ,2019,,,"House, Deep House, Electronica, Afro House",
Crylighter ,Boxout Wednesdays 100,27th Feb ,2019,India ,,"Ambient, Downtempo, Experimental, Electronica",
Shireen,Boxout Wednesdays 100,27th Feb ,2019,UK,London,"Electronica, Downtempo, Leftfield, Beats",
Boxout Soundsystem,Boxout Wednesdays 101,6th March,2019,India ,New Delhi,"Reggae, Dancehall, Dub, Sound System",
Electrikuki,Boxout Wednesdays 101,6th March,2019,,,"Disco, Funk, Soul, House",
Febbymomma,Boxout Wednesdays 101,6th March,2019,India ,,"R&B, Soul, Hip-Hop, Pop",
Perera Elsewhere ,Boxout Wednesdays 102,13th March,2019,,,"Experimental, Ambient, Electronica, Indie",
Rhythm Sister ,Boxout Wednesdays 102,13th March,2019,,,"House, Disco, Funk, Soul",
Kavtinaa ,Boxout Wednesdays 102,13th March,2019,,,"House, Deep House, Electronica, Afro House",
Vijeyata,Boxout Wednesdays 102,13th March,2019,India ,Goa,"Pop, R&B, Soul, Jazz",
Real Dutty Beats ,Boxout Wednesdays 103,20th March,2019,,,"Bass, Dancehall, Reggae, Dub",
Lush Lata,Boxout Wednesdays 103,20th March,2019,India ,New Delhi,"House, Disco, Funk, Soul",
Short Human,Boxout Wednesdays 103,20th March,2019,India ,Guwahati,"Electronica, Ambient, Downtempo, Experimental",
Priyam ,Boxout Wednesdays 103,20th March,2019,,,"R&B, Soul, Pop, Electronica",
Opium Hum ,Boxout Wednesdays 104,27th March,2019,,,"Ambient, Downtempo, Experimental, Electronica",
Cee,Boxout Wednesdays 104,27th March,2019,,,"House, Electronica, Techno, Experimental",
Marco Weibel ,Boxout Wednesdays 104,27th March,2019,,,"Jazz, Soul, Electronica, Experimental",
Al Mat,Boxout Wednesdays 104,27th March,2019,,,"House, Disco, Funk, Soul",
Rodali ,Boxout Wednesdays 104,27th March,2019,India ,,"Downtempo, Ambient, Electronica, Experimental",
Sukh Knight ,Boxout Wednesdays 105,3rd April ,2019,,,"Dubstep, Grime, Bass, UK Garage",
Stain ,Boxout Wednesdays 105,3rd April ,2019,India ,New Delhi,"Bass, Dubstep, Breaks, Experimental",
Kaleekarma ,Boxout Wednesdays 106,10th April,2019,India ,Goa,"House, Electronica, Afro House, Deep House",
Diggy Dang,Boxout Wednesdays 107,17th April ,2019,India ,New Delhi,"Reggae, Dancehall, Dub, Roots",
Starboy Nation ,Boxout Wednesdays 107,17th April ,2019,India ,Pune,"Afrobeats, Hip-Hop, Dancehall, Pop",
Nash,Boxout Wednesdays 107,17th April ,2019,India ,New Delhi,"Hip-Hop, Beats, Reggae, Soul",
Nico Adomako ,Boxout Wednesdays 108,24th April,2019,,,"Hip-Hop, Club, R&B, Bass",
Shama Anwar,Boxout Wednesdays 108,24th April,2019,UK,London,"Hip-Hop, Rap, Experimental, Spoken Word",
Nishant Gill,Boxout Wednesdays 108,24th April,2019,India ,New Delhi,"Hip-Hop, Beats, Club, Bass",
Coki ,Boxout Wednesdays 109,1st May ,2019,,,"Dubstep, Bass, Grime, UK Garage",
Stain ,Boxout Wednesdays 109,1st May,2019,India ,New Delhi,"Bass, Dubstep, Breaks, Experimental",
Daisho ,Boxout Wednesdays 110,8th May ,2019,India ,Bengaluru,"Drum and Bass, Jungle, Halftime, Breaks",
MC Soopy,Boxout Wednesdays 110,8th May ,2019,India ,New Delhi,"Grime, Hip-Hop, Dancehall, Dub",
Shama Anwar,Boxout Wednesdays 110,8th May ,2019,,,"Hip-Hop, Rap, Experimental, Spoken Word",
Sez on the beat ,Boxout Wednesdays 111,15th May,2019,India ,,"Hip-Hop, Beats, Trap, Rap",
Uday Kapur,Boxout Wednesdays 111,15th May,2019,India ,New Delhi,"Hip-Hop, Future Beats, Trap, R&B",
Short Human,Boxout Wednesdays 111,15th May,2019,India ,Guwahati,"Electronica, Ambient, Experimental, Downtempo",
Lao,Boxout Wednesdays 112,22nd May,2019,,,"Club, Techno, Bass, Global",
DJ MoCity,Boxout Wednesdays 112,22nd May,2019,India,New Delhi,"Hip-Hop, Beats, Reggae, Soul",
Shama Anwar,Boxout Wednesdays 112,22nd May,2019,UK,London,"Hip-Hop, Rap, Experimental, Spoken Word",
Nick Hook,Boxout Wednesdays 113,29th May ,2019,,,"Hip-Hop, Club, Electronic, Experimental",
MadStarBase,Boxout Wednesdays 113,29th May ,2019,India ,New Delhi,"Hip-Hop, R&B, Dancehall, Bass",
Nishant Gill,Boxout Wednesdays 113,29th May ,2019,India ,New Delhi,"Hip-Hop, Beats, Club, Bass",
Orlando ,Boxout Wednesdays 114,5th June,2019,,,"Electronica, House, Experimental, Ambient",
UP7T,Boxout Wednesdays 114,5th June,2019,,,"Grime, Dubstep, UK Garage, Breaks",
Vijeyata,Boxout Wednesdays 114,5th June,2019,India ,Goa,"House, Disco, Funk, Soul",
Molly ,Boxout Wednesdays 115,12th June,2019,,,"Pop, R&B, Soul, Jazz",
Drum Attic,Boxout Wednesdays 115,12th June,2019,India ,Goa,"Drum and Bass, Jungle, Halftime, Breaks",
Dauwd ,Boxout Wednesdays 116,19th June,2019,India ,,"House, Techno, Electronica, Ambient",
D80,Boxout Wednesdays 116,19th June,2019,India ,New Delhi,"Hip-Hop, Trap, Club, Bass",
Valesuchi ,Boxout Wednesdays 117,26th June,2019,,,"Techno, House, Experimental Club, Bass",
Shireen,Boxout Wednesdays 117,26th June,2019,UK,London,"Electronica, Downtempo, Leftfield, Beats",
Nishant Gill,Boxout Wednesdays 117,26th June,2019,India ,New Delhi,"Hip-Hop, Beats, Club, Bass",
dreamstates,Boxout Wednesdays 118,3rd July ,2019,India ,Mumbai,"Electronica, Indie Dance, Experimental, House",
Trafficc,Boxout Wednesdays 118,3rd July ,2019,India ,New Delhi,"Club, Techno, Bass, Global",
Girls Night Out ,Boxout Wednesdays 118,3rd July ,2019,India ,New Delhi,"Pop, Club, Disco, Funk",
Sega Bodega,Boxout Wednesdays 119,10th July,2019,,,"Experimental Pop, Club, Electronica, Bass",
Lush Lata,Boxout Wednesdays 119,10th July,2019,India ,New Delhi,"House, Disco, Funk, Soul",
DJ MoCity,Boxout Wednesdays 119,10th July,2019,India ,New Delhi,"Hip-Hop, Beats, Reggae, Soul",
Hedrun ,Boxout Wednesdays 120,17th July,2019,India ,Mumbai,"Ambient, Downtempo, Experimental, Electronica",
Yung.Raj,Boxout Wednesdays 120,17th July,2019,India ,Hyderabad,"Hip-Hop, Trap, Club, Bass",
Fatboi ,Boxout Wednesdays 120,17th July,2019,India ,New Delhi,"Reggae, Dub, Dancehall, Roots",
Sadboi ,Boxout Wednesdays 120,17th July,2019,India ,New Delhi,"Hip-Hop, Rap, Experimental, Spoken Word",
Shama Anwar,Boxout Wednesdays 120,17th July,2019,UK,London,"Electronica, Ambient, Experimental, Downtempo",
Kalé ,Boxout Wednesdays 121,24th July ,2019,India ,New Delhi,"House, Disco, Funk, Soul",
Ravana,Boxout Wednesdays 121,24th July ,2019,India ,New Delhi,"Downtempo, Ambient, Electronica, Experimental",
Watashi ,Boxout Wednesdays 121,24th July ,2019,India ,Bengaluru,"Electronica, Ambient, Downtempo, Experimental",
Wave Diary ,Boxout Wednesdays 121,24th July ,2019,India ,New Delhi,"Hip-Hop, Beats, Chillhop, Ambient",
Stalvort John,Boxout Wednesdays 122,31st July,2019,India ,Bengaluru,"House, Disco, Funk, Soul",
Rodali ,Boxout Wednesdays 122,31st July,2019,India ,New Delhi,"Downtempo, Ambient, Electronica, Experimental",
Short Human,Boxout Wednesdays 122,31st July,2019,India ,Guwahati,"Electronica, Downtempo, Experimental, Beats",
Stain ,Boxout Wednesdays 122,31st July,2019,India ,New Delhi,"Bass, Dubstep, Breaks, Experimental",
Nishant Gill,Boxout Wednesdays 122,31st July,2019,India ,New Delhi,"Hip-Hop, Beats, Club, Bass",
Champion,Boxout Wednesdays 123,7th Aug,2019,UK,London,"Hip-Hop, Rap, Bass, Trap",
Rohan  ,Boxout Wednesdays 123,7th Aug,2019,India ,New Delhi,"Hip-Hop, Rap, Soul, Experimental",
Stain ,Boxout Wednesdays 123,7th Aug,2019,India ,New Delhi,"Bass, Dubstep, Breaks, Experimental",
Shama Anwar,Boxout Wednesdays 123,7th Aug,2019,UK,London,"Hip-Hop, Rap, Experimental, Spoken Word",
Hotel Garuda ,Boxout Wednesdays 124,14th Aug ,2019,Indonesia,Phillipines,"House, Indie Dance, Pop, Electronica",
Priyam ,Boxout Wednesdays 124,14th Aug ,2019,India ,New Delhi,"R&B, Soul, Pop, Electronica",
MC Soopy,Boxout Wednesdays 124,14th Aug ,2019,India ,New Delhi,"Grime, Hip-Hop, Dancehall, Dub",
Stain ,Boxout Wednesdays 124,14th Aug ,2019,India ,New Delhi,"Bass, Dubstep, Breaks, Experimental",
Nishant gill,Boxout Wednesdays 124,14th Aug ,2019,India ,New Delhi,"Hip-Hop, Beats, Club, Bass",
Spryk ,Boxout Wednesdays 125,21st Aug,2019,India ,Mumbai,"Electronica, Experimental, IDM, Bass",
Nash ,Boxout Wednesdays 125,21st Aug,2019,India ,New Delhi,"Hip-Hop, Beats, Reggae, Soul",
DJ MoCity,Boxout Wednesdays 125,21st Aug,2019,India ,New Delhi,"Hip-Hop, Beats, Club, Bass",
Stain ,Boxout Wednesdays 125,21st Aug,2019,India ,New Delhi,"Bass, Dubstep, Breaks, Experimental",
Nishant gill,Boxout Wednesdays 125,21st Aug,2019,India ,New Delhi,"Hip-Hop, Beats, Club, Bass",
Conducta ,Boxout Wednesdays 126,28th Aug,2019,UK,London,"UK Garage, 2-Step, Bassline, Club",
Sodhi ,Boxout Wednesdays 126,28th Aug,2019,India ,New Delhi ,"Techno, House, Electro, Minimal",
Drum Attic,Boxout Wednesdays 126,28th Aug,2019,India ,New Delhi,"Drum and Bass, Jungle, Halftime, Breaks",
Kampai ,Boxout Wednesdays 127,4th Sep,2019,India ,Bengaluru,"Trap, Bass, Club, Hip-Hop",
Ezzyland,Boxout Wednesdays 127,4th Sep,2019,India ,Chennai,"Bass, Experimental, Club, Leftfield",
DJ MoCity,Boxout Wednesdays 127,4th Sep,2019,India ,New Delhi,"Hip-Hop, Beats, Reggae, Soul",
Fatboi x Sadboi,Boxout Wednesdays 127,4th Sep,2019,India ,New Delhi,"Reggae, Dancehall, Dub, Roots",
General Zooz,Boxout Wednesdays 128,11th Sep,2019,India ,,"Reggae, Dancehall, Dub, Roots",
Diggy Dang,Boxout Wednesdays 128,11th Sep,2019,India ,New Delhi,"Hip-Hop, Beats, Reggae, Soul",
DJ MoCity,Boxout Wednesdays 128,11th Sep,2019,India ,New Delhi,"Hip-Hop, Beats, Club, Bass",
Nishant gill,Boxout Wednesdays 128,11th Sep,2019,India ,New Delhi,"Grime, Dubstep, UK Bass, Club",
Plastician ,Boxout Wednesdays 129,18th Sep,2019,,,"Bass, Dubstep, Breaks, Experimental",
Stain ,Boxout Wednesdays 129,18th Sep,2019,India ,New Delhi,"Hip-Hop, Beats, Reggae, Soul",
DJ MoCity,Boxout Wednesdays 129,18th Sep,2019,,,"Hip-Hop, Rap, Experimental, Spoken Word",
Shama Anwar,Boxout Wednesdays 129,18th Sep,2019,,,"Global Club, Experimental, Bass, Techno",
Tayhana,Boxout Wednesdays 130,25th Sep,2019,,,"UK Garage, Breaks, Dubstep, Bass",
thegreybox,Boxout Wednesdays 130,25th Sep,2019,India ,New Delhi,"Hip-Hop, Beats, Reggae, Soul",
DJ MoCity,Boxout Wednesdays 130,25th Sep,2019,India ,New Delhi,"Drum and Bass, Jungle, Halftime, Breaks",
Drum Attic,Boxout Wednesdays 130,25th Sep,2019,India ,Goa,"Hip-Hop, Turntablism, Funk, Bass",
DJ Uri,Boxout Wednesdays 131,9th Oct,2019,India ,Goa,"R&B, Soul, Pop, Electronica",
Paper Queen,Boxout Wednesdays 131,9th Oct,2019,India ,Mumbai,"Techno, House, Experimental, Ambient",
The Untitled One,Boxout Wednesdays 131,9th Oct,2019,India ,Bengaluru,"Bass, Dubstep, Breaks, Experimental",
Stain ,Boxout Wednesdays 131,9th Oct,2019,India ,New Delhi,"Reggae, Dub, Roots, Dancehall",
Fatboi x Sadboi,Boxout Wednesdays 131,9th Oct,2019,India ,New Delhi,"Electronica, Ambient, Downtempo, Experimental",
Renaat Vandepapeliere,Boxout Wednesdays 132,16th Oct,2019,,,"Techno, Electronic, Experimental, Minimal",
Turbaraga,Boxout Wednesdays 132,16th Oct,2019,India ,New Delhi,"Hip-Hop, Experimental, Beats, Global",
Shama Anwar,Boxout Wednesdays 132,16th Oct,2019,,,"Hip-Hop, Rap, Experimental, Spoken Word",
Abhi Meer,Boxout Wednesdays 133,23rd Oct,2019,India ,Mumbai,"Electronica, Ambient, Downtempo, Experimental",
Bast,Boxout Wednesdays 133,23rd Oct,2019,India ,,"Techno, House, Experimental, Ambient",
Drum Attic,Boxout Wednesdays 133,23rd Oct,2019,India ,Goa,"Drum and Bass, Jungle, Halftime, Breaks",
Nishant gill,Boxout Wednesdays 133,23rd Oct,2019,India ,New Delhi,"Hip-Hop, Beats, Club, Bass",
Boxout Soundsystem,Boxout Wednesdays 134,30th Oct,2019,India ,New Delhi,"Reggae, Dub, Dancehall, Roots",Halloween Special
Andre Power (Soulection),Boxout Wednesdays 135,6th Nov ,2019,,,"Soul, R&B, Future Beats, Hip-Hop",
Nash ,Boxout Wednesdays 135,6th Nov ,2019,India,New Delhi,"Hip-Hop, Beats, Club, Bass",
DJ MoCity,Boxout Wednesdays 135,6th Nov ,2019,India,New Delhi,"Hip-Hop, Beats, Reggae, Soul",
Shama Anwar,Boxout Wednesdays 135,6th Nov ,2019,UK,London,"Hip-Hop, Rap, Experimental, Spoken Word",
Eliphino ,Boxout Wednesdays 136,13th Nov ,2019,,,"House, Garage, Bass, Electronica",
Suchi ,Boxout Wednesdays 136,13th Nov ,2019,Norway,,"Global Club, Experimental, Bass, Techno",
Girls Night Out ,Boxout Wednesdays 136,13th Nov ,2019,India ,,"Disco, Funk, House, Soul",
Stain ,Boxout Wednesdays 136,13th Nov ,2019,India ,New Delhi,"Bass, Dubstep, Breaks, Experimental",
Jubilee,Boxout Wednesdays 137,20th Nov,2019,,,"Club, Bass, Garage, UK Funky",
Pia Collada,Boxout Wednesdays 137,20th Nov,2019,India ,,"House, Disco, Funk, Soul",
Sodhi,Boxout Wednesdays 137,20th Nov,2019,India ,New Delhi ,"Hip-Hop, Beats, Club, Bass",
Shama Anwar,Boxout Wednesdays 137,20th Nov,2019,UK,London,"Hip-Hop, Rap, Experimental, Spoken Word",
Almass Badat,Boxout Wednesdays 138,27th Nov,2019,UK,London,"R&B, Soul, Jazz, Experimental",
Sarathy Korwar,Boxout Wednesdays 138,27th Nov,2019,,,"Jazz, Fusion, World, Electronica",
DJ MoCity,Boxout Wednesdays 138,27th Nov,2019,India ,New Delhi,"Hip-Hop, Beats, Reggae, Soul",
Stain ,Boxout Wednesdays 138,27th Nov,2019,India ,New Delhi,"Bass, Dubstep, Breaks, Experimental",
Kalé ,Boxout Wednesdays 139,4th Dec,2019,India ,New Delhi,"House, Disco, Funk, Soul",
Nash ,Boxout Wednesdays 139,4th Dec,2019,India ,New Delhi,"Hip-Hop, Beats, Club, Bass",
Lush Lata,Boxout Wednesdays 139,4th Dec,2019,India ,New Delhi,"House, Disco, Funk, Soul",
Stain ,Boxout Wednesdays 139,4th Dec,2019,India ,New Delhi,"Bass, Dubstep, Breaks, Experimental",
Delhi Sultanate,Boxout Wednesdays 140,11th Dec,2019,India ,New Delhi,"Reggae, Dancehall, Dub, Roots",Goa Sunsplash Pre Party
Reggae Rajahs ,Boxout Wednesdays 140,11th Dec,2019,India ,New Delhi,"Reggae, Dub, Dancehall, Roots",
Flux Vortex,Boxout Wednesdays 140,11th Dec,2019,India ,New Delhi,"Reggae, Dub, Dancehall, Roots",
Shama Anwar,Boxout Wednesdays 140,11th Dec,2019,UK,London,"Hip-Hop, Rap, Experimental, Spoken Word",
Chippy Nonstop ,Boxout Wednesdays 141,25th Dec,2019,,,"Club, Bass, Techno, Dance",
SDE ,Boxout Wednesdays 141,25th Dec,2019,,,"Bass, Club, House, Techno",
Monophonik ,Boxout Wednesdays 141,25th Dec,2019,India ,New Delhi,"Techno, House, Experimental, Ambient",
Stain ,Boxout Wednesdays 141,25th Dec,2019,India ,New Delhi,"Bass, Dubstep, Breaks, Experimental",
Three Oscillators,Boxout Wednesdays 142,8th Jan,2020,India ,Mumbai,"Indie, Electronica, Pop, Experimental",
Corridors,Boxout Wednesdays 142,8th Jan,2020,India ,New Delhi,"Indie, Electronica, Alternative, Ambient",
Dam Square,Boxout Wednesdays 142,8th Jan,2020,India ,New Delhi,"Hip-Hop, Trap, Club, Bass",
Fatboi x Sadboi,Boxout Wednesdays 142,8th Jan,2020,India ,New Delhi,"Reggae, Dub, Dancehall, Roots",
Vixen Sound ,Boxout Wednesdays 143,15th Jan,2020,,,"Dub, Reggae, Dancehall, Sound System",
Tom Spirals,Boxout Wednesdays 143,15th Jan,2020,,,"Dubstep, Grime, Bass, UK Garage",
Stain ,Boxout Wednesdays 143,15th Jan,2020,India ,New Delhi,"Drum and Bass, Jungle, Halftime, Breaks",
MC Soopy,Boxout Wednesdays 143,15th Jan,2020,India ,New Delhi,"Grime, Dubstep, Bass, Experimental",
Daisuke Tanabe,Boxout Wednesdays 144,22nd Jan,2020,,,"Grime, Hip-Hop, Rap, Dancehall",
thegreybox,Boxout Wednesdays 144,22nd Jan,2020,India ,New Delhi,"Electronica, Experimental, Downtempo, Beats",
DJ MoCity,Boxout Wednesdays 144,22nd Jan,2020,India ,New Delhi,"Hip-Hop, Beats, Reggae, Soul",
Unfuckman,Boxout Wednesdays 144,22nd Jan,2020,India ,New Delhi,"Experimental, Techno, House, Club",
Nick Hook ,Boxout Wednesdays 145,29th Jan,2020,,,"Hip-Hop, Club, Electronic, Experimental",
CEE,Boxout Wednesdays 145,29th Jan,2020,,,"Hip-Hop, Experimental, Electronica, Bass",
Shama Anwar,Boxout Wednesdays 145,29th Jan,2020,UK,London,"Hip-Hop, Rap, Experimental, Spoken Word",
Reggae Rajahs ,Boxout Wednesdays 146,5th Feb,2020,India ,New Delhi,"Reggae, Dub, Dancehall, Roots",
DJ Uri,Boxout Wednesdays 146,5th Feb,2020,India ,Goa,"Hip-Hop, Breaks, Turntablism, Reggae",
DJ Sticky,Boxout Wednesdays 146,5th Feb,2020,,,"Garage, UK Funky, Bassline, Club",
Shama Anwar,Boxout Wednesdays 146,5th Feb,2020,UK,London,"Hip-Hop, Rap, Experimental, Spoken Word",
She's Drunk,Boxout Wednesdays 147,12th Feb,2020,,,"Experimental Club, Bass, Techno, Electronica",
YNZN.P,Boxout Wednesdays 147,12th Feb,2020,Nepal,Kathmandu,"Hip-Hop, Trap, Bass, Experimental",
Dita,Boxout Wednesdays 147,12th Feb,2020,Indonesia,Bali,"House, Electronica, Club, Downtempo",
Unfuckman,Boxout Wednesdays 147,12th Feb,2020,India ,New Delhi,"Techno, Electronica, Bass, Experimental",
Enhancify,Boxout Wednesdays 147,12th Feb,2020,,,"Bass, Dubstep, Breaks, Experimental",
DJ Koco ,Boxout Wednesdays 148,19th Feb,2020,,,"Hip-Hop, Turntablism, Funk, Soul",
Dan Greenpeace,Boxout Wednesdays 148,19th Feb,2020,UAE,Dubai,"Hip-Hop, Beats, Reggae, Soul",
Stain ,Boxout Wednesdays 148,19th Feb,2020,India ,New Delhi,"Bass, Dubstep, Breaks, Experimental",
Pooja B,Boxout Wednesdays 149,26th Feb,2020,Germany,Berlin,"Techno, Minimal, House, Experimental",
Shireen,Boxout Wednesdays 149,26th Feb,2020,UK,London,"Soul, R&B, Pop, Electronica",
Dam Square,Boxout Wednesdays 149,26th Feb,2020,India ,New Delhi,"Electronica, Indie, Alternative, Ambient",
Killa P ,Boxout Wednesdays 150,4th March,2020,UK,London,"Grime, Dubstep, UK Garage, Rap",3rd Birthday Party
Manara,Boxout Wednesdays 150,4th March,2020,UK,London,"Bass, Club, UK Funky, Experimental",
Boxout Soundsystem,Boxout Wednesdays 150,4th March,2020,India ,New Delhi,"Reggae, Dub, Dancehall, Roots",
Rodali ,Boxout Wednesdays 150,4th March,2020,India ,,"Downtempo, Ambient, Experimental, Electronica",
Vijeyata,Boxout Wednesdays 150,4th March,2020,India ,Goa,"House, Techno, Experimental, Ambient",
GiGi FM,Boxout Wednesdays 151,11th March,2020,,,"Techno, House, Ambient, Experimental",
Trafficc,Boxout Wednesdays 151,11th March,2020,India ,New Delhi,"Bass, Dubstep, Experimental, Breaks",
Nida,Boxout Wednesdays 151,11th March,2020,India ,New Delhi,"Drum and Bass, Jungle, Halftime, Breaks",
Kavtinaa,Boxout Wednesdays 151,11th March,2020,,,"Electronica, Downtempo, Experimental, Ambient",
Pia Collada,Boxout Wednesdays 151,11th March,2020,India ,Goa,"House, Deep House, Soulful, Funk",
Tera Kora ,Boxout Wednesdays 152,18th March,2020,,,"Pop, Indie, Soul, Funk",
Full Power,Boxout Wednesdays 152,18th March,2020,India ,New Delhi,"Electronica, Ambient, Downtempo, Experimental",
E,Boxout Wednesdays 152,18th March,2020,,,"Hip-Hop, Beats, Soul, Chillhop",
Priyam ,Boxout Wednesdays 152,18th March,2020,India ,New Delhi,"Techno, House, Electronica, Deep",
Stalvart John,Boxout Wednesdays 153,25th March,2020,India ,Bengaluru,"Funk, House, Soul, Disco",
Farhan Rehman,Boxout Wednesdays 153,25th March,2020,India , Mumbai,"Electronica, Downtempo, House, Soul",
Hiranya ,Boxout Wednesdays 153,25th March,2020,India ,New Delhi,"Techno, Minimal, House, Experimental",
Shireen,Boxout Wednesdays 153,25th March,2020,UK,London,"Dub, Reggae, Dancehall, Roots",
Boxout Wednesdays,Boxout Wednesdays 154,24th Feb ,2021,,,"Reggae, Dub, Dancehall, Roots",
Miredo ,Boxout Wednesdays 155,3rd March ,2021,India ,New Delhi,"Bass, Dubstep, Breaks, Experimental",
Tanzen,Boxout Wednesdays 155,3rd March ,2021,India ,New Delhi,"Experimental, Electronica, Ambient, World",
Lush Lata,Boxout Wednesdays 155,3rd March ,2021,India ,New Delhi,"Hip-Hop, Beats, Reggae, Soul",
General Zooz,Boxout Wednesdays 155,3rd March ,2021,India ,,"Hip-Hop, Beats, Club, Bass",
Boxout Soundsystem,Boxout Wednesdays 155,3rd March ,2021,India ,New Delhi,"Techno, House, Experimental, Ambient",
Stain ,Boxout Wednesdays 156,10th March,2021,India ,New Delhi,"Hip-Hop, Beats, Club, Bass",
Noriko Shakti ,Boxout Wednesdays 156,10th March,2021,,,"Techno, Bass, Experimental, Club",
DJ MoCity,Boxout Wednesdays 156,10th March,2021,India ,New Delhi,"Hip-Hop, Beats, Reggae, Soul",
Sodhi,Boxout Wednesdays 156,10th March,2021,India ,New Delhi ,"Hip-Hop, Rap, Club, Experimental",
Mutable Mercury ,Boxout Wednesdays 156,10th March,2021,India ,New Delhi,"Experimental, Ambient, Downtempo, Electronica",
Unfuckman,Boxout Wednesdays 156,10th March,2021,India ,New Delhi,"Hip-Hop, Beats, Club, Bass",
Boxout Soundsystem,Boxout Wednesdays 157,17th March ,2021,India ,New Delhi,"Reggae, Dub, Dancehall, Roots",
DJ MoCity,Boxout Wednesdays 158,24th March,2021,India ,New Delhi,"Hip-Hop, Beats, Reggae, Soul",
Lush Lata,Boxout Wednesdays 158,24th March,2021,India ,New Delhi,"Hip-Hop, Soul, R&B, Beats",
Anirudh Khurana,Boxout Wednesdays 158,24th March,2021,India ,New Delhi,"Electronica, Experimental, Ambient, Downtempo",
Stain ,Boxout Wednesdays 158,24th March,2021,India ,New Delhi,"Bass, Dubstep, Breaks, Experimental",
Sodhi,Boxout Wednesdays 158,24th March,2021,India ,New Delhi ,"Hip-Hop, Beats, Club, Bass",
Weather Report (Visuals),Boxout Wednesdays 158,24th March,2021,India ,New Delhi,"Visual, Ambient, Experimental, Conceptual",
Monophonik ,Boxout Wednesdays 159,31st March,2021,India ,New Delhi,"Techno, Electronica, House, Experimental",
Trafficc,Boxout Wednesdays 159,31st March,2021,India ,New Delhi,"Bass, Techno, Club, Electronica",
Mutable Mercury ,Boxout Wednesdays 159,31st March,2021,India ,New Delhi,"Experimental, Ambient, Downtempo, Electronica",
Stain ,Boxout Wednesdays 159,31st March,2021,India ,New Delhi,"Bass, Dubstep, Breaks, Experimental",
Sodhi,Boxout Wednesdays 159,31st March,2021,India ,New Delhi ,"Hip-Hop, Beats, Club, Bass",
MC Soopy,Boxout Wednesdays 160,1st Sep,2021,India ,New Delhi,"Hip-Hop, Beats, Reggae, Soul",
NIDA,Boxout Wednesdays 160,1st Sep,2021,India ,New Delhi,"R&B, Soul, Electronica, Chillhop",
Mutable Mercury ,Boxout Wednesdays 160,1st Sep,2021,India ,New Delhi,"Experimental, Ambient, Downtempo, Electronica",
Sodhi ,Boxout Wednesdays 160,1st Sep,2021,India ,New Delhi ,"Hip-Hop, Beats, Club, Bass",
Stain ,Boxout Wednesdays 160,1st Sep,2021,India ,New Delhi,"Bass, Dubstep, Breaks, Experimental",
Weather Report (Visuals),Boxout Wednesdays 160,1st Sep,2021,India ,New Delhi,"Visual, Ambient, Experimental, Conceptual",
Alboe ,Boxout Wednesdays 165,6th Oct,2021,India ,New Delhi,"Indie, Pop, Electronica, Soul",
Digee,Boxout Wednesdays 165,6th Oct,2021,India ,New Delhi,"House, Disco, Funk, Soul",
Hiranya ,Boxout Wednesdays 165,6th Oct,2021,India ,New Delhi,"Electronica, Ambient, Downtempo, Experimental",
Miredo ,Boxout Wednesdays 165,6th Oct,2021,India ,New Delhi,"Hip-Hop, Beats, Electronica, Chillhop",
Tanzen,Boxout Wednesdays 165,6th Oct,2021,India ,New Delhi,"House, Techno, Electronica, Experimental",
Teesri Duniya ,Boxout Wednesdays 166,13th Oct,2021,India ,New Delhi,"Hip-Hop, Rap, Experimental, Alternative",
TheSilkCut,Boxout Wednesdays 166,13th Oct,2021,India ,New Delhi,"Bass, Club, Experimental, Electronica",
Bee Wise,Boxout Wednesdays 166,13th Oct,2021,India ,New Delhi ,"Hip-Hop, Beats, Club, Bass",
Sodhi,Boxout Wednesdays 166,13th Oct,2021,India ,New Delhi,"Hip-Hop, Rap, Experimental, Club",
Clifr ,Boxout Wednesdays 167,20th Oct,2021,India ,Chennai,"Techno, House, Electro, Club",
Ranj,Boxout Wednesdays 167,20th Oct,2021,India ,Chennai,"Hip-Hop, Beats, Club, Bass",
Issamood,Boxout Wednesdays 167,20th Oct,2021,India ,Chennai,"Hip-Hop, Rap, Experimental, Trap",
Sharma,Boxout Wednesdays 167,20th Oct,2021,India ,Bengaluru,"Hip-Hop, Rap, Experimental, Club",
Bee Wise,Boxout Wednesdays 167,20th Oct,2021,India ,,"Electronica, Techno, House, Experimental",
Rawal ,Boxout Wednesdays 168,27th Oct,2021,India ,New Delhi,"Hip-Hop, Beats, Club, Bass",
Bharg,Boxout Wednesdays 168,27th Oct,2021,India ,New Delhi,"Rock, Indie, Experimental, Electronica",
Full Power ,Boxout Wednesdays 168,27th Oct,2021,India ,New Delhi,"Hip-Hop, Beats, Club, Bass",
Unfuckman,Boxout Wednesdays 168,27th Oct,2021,India ,New Delhi,"Electronica, Techno, House, Experimental",
Barnet,Boxout Wednesdays 168,27th Oct,2021,Germany,Berlin,"Bass, Techno, Club, Electronica",
Annushka,Boxout Wednesdays 168,27th Oct,2021,Germany,Berlin,"Ambient, Downtempo, Chill, Experimental",
Corridors,Boxout Wednesdays 169,10th Nov,2021,India ,New Delhi,"Techno, House, Experimental, Minimal",
Trafficc,Boxout Wednesdays 169,10th Nov,2021,India ,New Delhi,"Electronica, Ambient, Downtempo, Experimental",
Kefr,Boxout Wednesdays 169,10th Nov,2021,India ,,"Experimental, Techno, House, Ambient",
Anirudh Khurana,Boxout Wednesdays 169,10th Nov,2021,India ,New Delhi,"Electronica, Downtempo, Indie, Pop",
Kaleekarma,Boxout Wednesdays 170,17th Nov,2021,India ,Goa,"Experimental, Ambient, Downtempo, Electronica",
D80,Boxout Wednesdays 170,17th Nov,2021,India ,New Delhi,"Techno, Minimal, House, Experimental",
Digee,Boxout Wednesdays 170,17th Nov,2021,India ,New Delhi,"House, Deep House, Soulful, Funk",
Dam Square,Boxout Wednesdays 170,17th Nov,2021,India ,New Delhi,"Bass, Dubstep, Breaks, Experimental",
Kumail ,Boxout Wednesdays 171,24th Nov,2021,,,"Hip-Hop, Beats, Club, Bass",
Okedo ,Boxout Wednesdays 171,24th Nov,2021,India ,New Delhi,"Experimental, Techno, Ambient, Electronica",
Hiranya ,Boxout Wednesdays 171,24th Nov,2021,India ,New Delhi,"Electronica, Ambient, Downtempo, Experimental",
Mutable Mercury ,Boxout Wednesdays 171,24th Nov,2021,India ,New Delhi,"Indie, Pop, Electronica, Soul",
FILM,Boxout Wednesdays 172,1st Dec,2021,India ,New Delhi,"Experimental, Ambient, Downtempo, Electronica",
Zequenx ,Boxout Wednesdays 172,1st Dec,2021,India ,New Delhi,"Hip-Hop, Beats, Club, Bass",
Trafficc,Boxout Wednesdays 172,1st Dec,2021,India ,New Delhi,"Bass, Techno, Club, Electronica",
Sharma,Boxout Wednesdays 172,1st Dec,2021,India ,Bengaluru,"Techno, House, Experimental, Ambient",
Prismer,Boxout Wednesdays 173,8th Dec,2021,India ,New Delhi,"Experimental, Downtempo, Ambient, Electronica",
Sepoys,Boxout Wednesdays 173,8th Dec,2021,,,"Afrobeat, Funk, Soul, Jazz",
Tanzen,Boxout Wednesdays 173,8th Dec,2021,India ,New Delhi,"House, Techno, Electronica, Deep",
Miredo ,Boxout Wednesdays 173,8th Dec,2021,India ,New Delhi,"Experimental, Downtempo, Electronica, Ambient",
Anirudh Khurana,Boxout Wednesdays 173,8th Dec,2021,India ,New Delhi,"Hip-Hop, Beats, Club, Bass",
Monophonik ,Boxout Wednesdays 174,15th Dec,2021,India ,New Delhi,"Techno, House, Acid, Electronica",
Nida,Boxout Wednesdays 174,15th Dec,2021,India ,New Delhi,"R&B, Soul, Pop, Electronica",
Mutable Mercury ,Boxout Wednesdays 174,15th Dec,2021,India ,New Delhi,"Experimental, Ambient, Downtempo, Electronica",
Shortsell,Boxout Wednesdays 174,15th Dec,2021,India ,New Delhi,"Hip-Hop, Beats, Club, Bass",
DJ MoCity,Boxout Wednesdays 175,22nd Dec,2021,India ,New Delhi,"Hip-Hop, Beats, Reggae, Soul",
Unfuckman,Boxout Wednesdays 175,22nd Dec,2021,India ,New Delhi,"Experimental, Techno, Ambient, Club",
Shama Anwar,Boxout Wednesdays 175,22nd Dec,2021,UK,London,"Hip-Hop, Rap, Experimental, Spoken Word",
DJ Karma,Boxout Wednesdays 175,22nd Dec,2021,India ,New Delhi,"Hip-Hop, Beats, Club, Bass",
Dam Square,Boxout Wednesdays 175,22nd Dec,2021,India ,New Delhi,"Electronica, Indie, Downtempo, Experimental",
David Marston,Boxout Wednesdays 176,9th March,2022,Jamaica,Kingston,"Soul, House, Disco, Reggae",
thegreybox,Boxout Wednesdays 176,9th March,2022,India ,New Delhi ,"Electronica, Techno, Ambient, Experimental",
Gauriwho ,Boxout Wednesdays 176,9th March,2022,India ,New Delhi ,"Hip-Hop, Soul, R&B, Beats",
Sodhi,Boxout Wednesdays 176,9th March,2022,India ,New Delhi ,"Hip-Hop, Beats, Club, Bass",
Dr Psych,Boxout Wednesdays 177,16th March,2022,India ,New Delhi ,"House, Techno, Minimal, Experimental",
Anirudh Khurana,Boxout Wednesdays 177,16th March,2022,India ,New Delhi ,"Hip-Hop, Beats, Soul, Electronica",
Lush Lata,Boxout Wednesdays 177,16th March,2022,India ,New Delhi ,"Jazz, Fusion, Reggae, Soul",
Kalbaisakhi ,Boxout Wednesdays 178,23rd March,2022,India ,New Delhi ,"Indie, Electronica, Alternative, Ambient",
Dam Square,Boxout Wednesdays 178,23rd March,2022,India ,New Delhi ,"Hip-Hop, Beats, Club, Bass",
DJ MoCity,Boxout Wednesdays 178,23rd March,2022,India ,New Delhi ,"Jazz, Reggae, Soul, Dub",
Dushi Sounds,Boxout Wednesdays 179,30th March ,2022,India ,New Delhi ,"Soul, House, Reggae, Dub",
Arnav,Boxout Wednesdays 179,30th March ,2022,,,"Hip-Hop, Beats, Club, Bass",
Shama Anwar,Boxout Wednesdays 179,30th March ,2022,UK,London,"Dub, Reggae, Dancehall, Roots",
Stain ,Boxout Wednesdays 179,30th March ,2022,India ,New Delhi ,"House, Soul, Reggae, Funk",
Agent ,Boxout Wednesdays 180,6th April,2022,India ,Goa,"Electronica, Experimental, Ambient, Downtempo",
Abhi Meer,Boxout Wednesdays 180,6th April,2022,India ,Mumbai,"House, Soulful, Funk, Jazz",
Prismer,Boxout Wednesdays 180,6th April,2022,India ,New Delhi ,"Hip-Hop, Beats, Club, Bass",
South Wales,Boxout Wednesdays 181,13th April,2022,Australia,,"Hip-Hop, Beats, Reggae, Soul",
Nash JR,Boxout Wednesdays 181,13th April,2022,India ,New Delhi ,"Global Club, Experimental, Bass, Techno",
Nida,Boxout Wednesdays 181,13th April,2022,India ,New Delhi ,"Electronica, Ambient, Downtempo, Experimental",
MC Soopy,Boxout Wednesdays 181,13th April,2022,India ,New Delhi ,"Experimental, Techno, Ambient, Electronica",
Suchi ,Boxout Wednesdays 182,20th April,2022,Norway,,"R&B, Soul, Chillhop, Ambient",
Sleepy Insomniac ,Boxout Wednesdays 182,20th April,2022,India ,New Delhi ,"Electronica, Downtempo, Ambient, Experimental",
Mutable Mercury ,Boxout Wednesdays 182,20th April,2022,India ,New Delhi,"Experimental, Ambient, Downtempo, Electronica",
Hiranya ,Boxout Wednesdays 182,20th April,2022,India ,New Delhi ,"Electronica, Downtempo, Chillhop, Experimental",
Hamza Rahimtula ,Boxout Wednesdays 183,27th April ,2022,India ,,"House, Deep House, Soulful, Techno",
Barnet,Boxout Wednesdays 183,27th April ,2022,Germany,Berlin,"House, Disco, Soul, Electronica",
Annushka,Boxout Wednesdays 183,27th April ,2022,Germany,Berlin,"Electronica, Indie, Experimental, Pop",
Culoe De Song,Boxout Wednesdays 184,4th May,2022,,,"Afro House, Deep House, Soulful, Tribal",
Girls Night Out ,Boxout Wednesdays 184,4th May,2022,India ,New Delhi,"Disco, Funk, House, Soul",
Sodhi,Boxout Wednesdays 184,4th May,2022,India ,New Delhi,"Hip-Hop, Beats, Club, Bass",
Discostan,Boxout Wednesdays 185,11th May,2022,,,"Global Club, Experimental, Bass, Techno",
D80,Boxout Wednesdays 185,11th May,2022,India ,New Delhi,"Electronica, Ambient, Downtempo, Experimental",
Okedo ,Boxout Wednesdays 185,11th May,2022,India ,New Delhi,"Techno, House, Minimal, Experimental",
Zed Bias,Boxout Wednesdays 186,18th May,2022,,,"UK Garage, Bassline, Club, 2-Step",
YNZN.P,Boxout Wednesdays 186,18th May,2022,Nepal,Kathmandu,"Hip-Hop, Trap, Bass, Experimental",
Trafficc,Boxout Wednesdays 186,18th May,2022,India ,New Delhi,"Bass, Techno, Club, Electronica",
EZ Riser,Boxout Wednesdays 187,25th May,2022,India ,Mumbai,"Bass, Experimental, Club, Leftfield",
Unfuckman,Boxout Wednesdays 187,25th May,2022,India ,New Delhi,"Hip-Hop, Beats, Club, Bass",
Priyam ,Boxout Wednesdays 187,25th May,2022,India ,New Delhi,"Hip-Hop, Beats, Soul, Chillhop",
Zequenx ,Boxout Wednesdays 188,1st June,2022,India ,Goa,"Electronica, Ambient, Downtempo, Experimental",
Shantam ,Boxout Wednesdays 188,1st June,2022,India ,,"Downtempo, Electronica, Organic House, Ambient",
BAST,Boxout Wednesdays 188,1st June,2022,India ,,"Ambient, Experimental, Electronica, Minimal",
The Fully Automatic Model,Boxout Wednesdays 189,8th June,2022,Northern Ireland,Derry,"Techno, House, Deep House, Soulful",
Kaleekarma,Boxout Wednesdays 189,8th June,2022,India ,Goa,"Ambient, Downtempo, Electronica, Experimental",
Pale Blue Dotter,Boxout Wednesdays 189,8th June,2022,India ,New Delhi,"Bass, Dubstep, Breaks, Experimental",
Stain ,Boxout Wednesdays 190,15th June,2022,India ,New Delhi,"Drum and Bass, Jungle, Halftime, Breaks",
Bamboy ,Boxout Wednesdays 190,15th June,2022,India ,Mumbai,"Hip-Hop, Soul, R&B, Beats",
Lush Lata,Boxout Wednesdays 190,15th June,2022,India ,New Delhi,"Electronica, House, Disco, Soul",
Shortsell,Boxout Wednesdays 190,15th June,2022,India ,New Delhi,"Bass, Techno, Club, Electronica",
CZETAN,Boxout Wednesdays 190,15th June,2022,India ,Chandigarh,"Electronica, Experimental, Techno, Minimal",
Abhinav ,Boxout Wednesdays 190,15th June,2022,India ,New Delhi,"Ambient, Downtempo, Chill, Experimental",
Alpha's World,Boxout Wednesdays 190,15th June,2022,India ,New Delhi,"Electronica, Ambient, Downtempo, Experimental",
Ramita,Boxout Wednesdays 190,15th June,2022,India ,New Delhi,"Hip-Hop, Beats, Soul, Chillhop",
Jayhaan,Boxout Wednesdays 191,22nd June,2022,India ,Mumbai,"Hip-Hop, Beats, Club, Bass",Fete De La Musique 2022
Raj,Boxout Wednesdays 191,22nd June,2022,India ,New Delhi,"Hip-Hop, Beats, Soul, Chillhop",Fete De La Musique 2022
Ukato ,Boxout Wednesdays 191,22nd June,2022,India ,New Delhi,"Indie, Electronica, Experimental, Pop",Fete De La Musique 2022
Dam Square,Boxout Wednesdays 191,22nd June,2022,India ,New Delhi,"Hip-Hop, Beats, Club, Bass",Fete De La Musique 2022
Watashi ,Boxout Wednesdays 192,29th June,2022,India ,Bengaluru,"Techno, House, Ambient, Experimental",
Lacuna ,Boxout Wednesdays 192,29th June,2022,India ,Chandigarh,"Ambient, Downtempo, Electronica, Experimental",
Tanzen,Boxout Wednesdays 192,29th June,2022,India ,New Delhi,"Techno, House, Experimental, Minimal",
Kartik,Boxout Wednesdays 192,29th June,2022,India ,New Delhi,"Electronica, Ambient, Downtempo, Experimental",Fete De La Musique 2022
Hamdi ,Boxout Wednesdays 193,6th July,2022,,,"UK Garage, Dubstep, Bass, Club",
Rasa,Boxout Wednesdays 193,6th July,2022,India ,Bengaluru,"Electronica, Downtempo, Organic House, Soul",
Priyam ,Boxout Wednesdays 193,6th July,2022,India ,New Delhi,"Hip-Hop, Beats, Soul, Chillhop",
Zealotantrik,Boxout Wednesdays 193,6th July,2022,India ,New Delhi,"Jazz, Soul, Funk, Fusion",
Jitwam ,Boxout Wednesdays 194,13th July,2022,USA,"Brooklyn, New York","Electronica, Techno, House, Experimental",
Kreon,Boxout Wednesdays 194,13th July,2022,India ,New Delhi,"Hip-Hop, Beats, Club, Bass",
DJ Pants,Boxout Wednesdays 194,13th July,2022,India ,New Delhi,"R&B, Soul, Pop, Electronica",
K-block,Boxout Wednesdays 194,13th July,2022,India ,New Delhi,"Experimental, Ambient, Downtempo, Electronica",
Alina ,Boxout Wednesdays 195,20th July,2022,India ,Bengaluru,"Hip-Hop, Beats, Club, Bass",
Mutable Mercury ,Boxout Wednesdays 195,20th July,2022,India ,New Delhi,"Hip-Hop, Beats, Reggae, Soul",
Blu Attic,Boxout Wednesdays 195,20th July,2022,India ,New Delhi,"Hip-Hop, Beats, Soul, Chillhop",
Antariksh Daddy,Boxout Wednesdays 195,20th July,2022,India ,New Delhi,"Hip-Hop, Beats, Club, Bass",
MadStarBase,Boxout Wednesdays 196,27th July,2022,India ,New Delhi,"Hip-Hop, Beats, Reggae, Soul",
Tansane,Boxout Wednesdays 196,27th July,2022,India ,New Delhi,"Electronica, Downtempo, Ambient, Experimental",
Dr Psych,Boxout Wednesdays 196,27th July,2022,India ,New Delhi,"Techno, House, Electronica, Ambient",
Khyber13,Boxout Wednesdays 196,27th July,2022,India ,Chandigarh,"Drum and Bass, Jungle, Halftime, Breaks",
Su Real,Boxout Wednesdays 197,3rd Aug,2022,India ,New Delhi,"Hip-Hop, Dancehall, Reggae, Bass",
DJ Skip,Boxout Wednesdays 197,3rd Aug,2022,India ,New Delhi,"Hip-Hop, Turntablism, Club, Bass",
DJ Karma,Boxout Wednesdays 197,3rd Aug,2022,India ,New Delhi,"Hip-Hop, Beats, Club, Soul",
Irie Dance Crew,Boxout Wednesdays 197,3rd Aug,2022,India ,New Delhi,"Reggae, Dancehall, Dub, Roots",
Sodhi ,Boxout Wednesdays 198,10th Aug,2022,India ,New Delhi,"Hip-Hop, Beats, Club, Bass",
MC Soopy,Boxout Wednesdays 198,10th Aug,2022,India ,New Delhi,"Hip-Hop, Beats, Reggae, Soul",
Anirudh Khurana,Boxout Wednesdays 198,10th Aug,2022,India ,New Delhi,"Hip-Hop, Beats, Club, Bass",
Panik,Boxout Wednesdays 198,10th Aug,2022,India ,New Delhi,"Electronica, Downtempo, Experimental, Ambient",
Unfuckman,Boxout Wednesdays 199,17th Aug,2022,India ,New Delhi,"Hip-Hop, Beats, Club, Bass",
Dhanji,Boxout Wednesdays 199,17th Aug,2022,India ,New Delhi,"Hip-Hop, Rap, Experimental, Indie",
Raghav,Boxout Wednesdays 199,17th Aug,2022,India ,New Delhi,"Hip-Hop, Beats, Soul, Chillhop",
BC Azad,Boxout Wednesdays 199,17th Aug,2022,India ,New Delhi,"Hip-Hop, Trap, Rap, Experimental",
Baajewala,Boxout Wednesdays 199,17th Aug,2022,India ,New Delhi,"Hip-Hop, Rap, Club, Experimental",
Madam X,Boxout Wednesdays 200,24th Aug,2022,,,"Hip-Hop, Rap, Club, Bass",
Bønehead,Boxout Wednesdays 200,24th Aug,2022,India ,New Delhi,"Grime, UK Funky, Bass, Club",
Maddeof,Boxout Wednesdays 200,24th Aug,2022,India ,New Delhi,"Techno, Experimental, Electronica, Ambient",
Awara Sound,Boxout Wednesdays 200,24th Aug,2022,Italy,,"Techno, House, Bass, Electronica",
Nash ,Boxout Wednesdays 201,31st Aug,2022,India ,New Delhi,"Afro House, Deep House, Soulful, Tribal",
thegreybox,Boxout Wednesdays 201,31st Aug,2022,India ,New Delhi,"Hip-Hop, Beats, Club, Bass",
Dam Square,Boxout Wednesdays 201,31st Aug,2022,India ,New Delhi,"Bass, Techno, Club, Electronica",
Monophonik ,Boxout Wednesdays 202,7th Sep,2022,India ,New Delhi,"Electronica, Techno, Ambient, Experimental",
Trafficc,Boxout Wednesdays 202,7th Sep,2022,India ,New Delhi,"Techno, House, Acid, Minimal",
Flux Vortex,Boxout Wednesdays 202,7th Sep,2022,India ,New Delhi,"Bass, Techno, Experimental, Club",
Hiranya ,Boxout Wednesdays 202,7th Sep,2022,India ,New Delhi,"Bass, Techno, Club, Electronica",
Dappest ,Boxout Wednesdays 203,14th Sep,2022,,,"Electronica, Ambient, Downtempo, Experimental",
adL,Boxout Wednesdays 203,14th Sep,2022,,,"Hip-Hop, Beats, Club, Bass",
Ranj ,Boxout Wednesdays 203,14th Sep,2022,India ,Chennai,"House, Techno, Afrobeat, Experimental",
Clifr ,Boxout Wednesdays 203,14th Sep,2022,India ,Chennai,"Hip-Hop, Rap, Club, Experimental",
Owlist,Boxout Wednesdays 203,14th Sep,2022,India ,Chandigarh,"Hip-Hop, Beats, Club, Bass",
DJ Uri ,Boxout Wednesdays 204,21st Sep,2022,India ,Goa,"Electronica, Experimental, Ambient, Downtempo",
Dr Psych,Boxout Wednesdays 204,21st Sep,2022,India ,New Delhi,"Hip-Hop, Breaks, Turntablism, Reggae",
Anirudh Khurana,Boxout Wednesdays 204,21st Sep,2022,India ,New Delhi,"Techno, House, Ambient, Experimental",
DJ Plead,Boxout Wednesdays 205,28th Sep,2022,,,"Electronica, Downtempo, Ambient, Experimental",
Sleepy Insomniac ,Boxout Wednesdays 205,28th Sep,2022,India ,New Delhi,"Global Club, Bass, Experimental, Techno",
Antariksh Daddy,Boxout Wednesdays 205,28th Sep,2022,India ,New Delhi,"Electronica, Downtempo, Experimental, Ambient",
Noni-Mouse,Boxout Wednesdays 206,5th Oct,2022,India ,Mumbai,"Experimental, Electronica, Downtempo, Pop",
Frame/Frame,Boxout Wednesdays 206,5th Oct,2022,India ,,"Electronica, Experimental, Downtempo, Pop",
Girls Night Out ,Boxout Wednesdays 206,5th Oct,2022,India ,New Delhi,"Disco, Funk, House, Soul",
K-block,Boxout Wednesdays 206,5th Oct,2022,India ,New Delhi,"Hip-Hop, Beats, Club, Bass",
Delhi Sultanate ,Boxout Wednesdays 207,12th Oct,2022,India ,New Delhi,"Reggae, Dub, Dancehall, Roots",
DJ MoCity,Boxout Wednesdays 207,12th Oct,2022,India ,New Delhi,"Hip-Hop, Beats, Reggae, Soul",
Pagal Records,Boxout Wednesdays 207,12th Oct,2022,India ,New Delhi,"Vinyl, Selector, Jazz, Soul",
Sukh Knight,Boxout Wednesdays 208,19th Oct,2022,UK,London,"Grime, Dubstep, UK Garage, Bass",
Squarewave,Boxout Wednesdays 208,19th Oct,2022,UK,London,"Dubstep, Bass, UK Garage, Grime",
Stain ,Boxout Wednesdays 208,19th Oct,2022,India ,New Delhi,"Bass, Dubstep, Breaks, Experimental",
Doowap ,Boxout Wednesdays 209,26th Oct,2022,UAE,Dubai,"Afrobeats, Amapiano, Club, Global",
thegreybox,Boxout Wednesdays 209,26th Oct,2022,India ,New Delhi,"Electronica, Techno, Ambient, Experimental",
Gauriwho ,Boxout Wednesdays 209,26th Oct,2022,India ,New Delhi,"Electronica, Downtempo, Soul, Jazz",
DJ Pants,Boxout Wednesdays 209,26th Oct,2022,India ,New Delhi,"House, Disco, Funk, Soul",
Auntie Flo ,Boxout Wednesdays 210,2nd Nov,2022,,,"Afro House, World, Jazz, Fusion",
Sarathy Korwar,Boxout Wednesdays 210,2nd Nov,2022,,,"Jazz, Fusion, World, Electronica",
Digging In India,Boxout Wednesdays 210,2nd Nov,2022,India ,New Delhi,"Hip-Hop, Rap, Experimental, R&B",
Sahareya ,Boxout Wednesdays 211,9th Nov ,2022,,,"Garage, UK Funky, Bass, Club",
DJ Crisps,Boxout Wednesdays 211,9th Nov ,2022,,,"House, Soul, Funk, Disco",
Sunny Sun ,Boxout Wednesdays 211,9th Nov ,2022,,,"Hip-Hop, Beats, Club, Bass",
Shortsell,Boxout Wednesdays 211,9th Nov ,2022,India ,New Delhi,"Techno, Ambient, Experimental, Downtempo",
Dr Psych,Boxout Wednesdays 211,9th Nov ,2022,India ,New Delhi,"Bass, Dubstep, Jungle, Drum and Bass",
Cartin ,Boxout Wednesdays 212,16th Nov,2022,Northern Ireland,Derry,"Garage, Club, UK Funky, Bass",
Samrai ,Boxout Wednesdays 212,16th Nov,2022,,,"Experimental, Ambient, Downtempo, Electronica",
Mutable Mercury ,Boxout Wednesdays 212,16th Nov,2022,India ,New Delhi,"Reggae, Dub, Dancehall, Roots",
Earl Gateshead,Boxout Wednesdays 212,16th Nov,2022,,,"Disco, House, Soul, Funk",
Queen & Disco ,Boxout Wednesdays 213,23rd Nov,2022,Northern Ireland,Derry,"Techno, House, Minimal, Experimental",
D80,Boxout Wednesdays 213,23rd Nov,2022,India ,New Delhi,"Experimental, Electronica, Ambient, Downtempo",
Tartaruga,Boxout Wednesdays 213,23rd Nov,2022,India ,New Delhi,"Drum and Bass, Jungle, Halftime, Breaks",
Mystic State ,Boxout Wednesdays 214,30th Nov ,2022,,,"Dubstep, Bass, UK Garage, Grime",
DE-TU,Boxout Wednesdays 215,30th Nov ,2022,,,"Dub, Reggae, Bass, Sound System",
RaaKshaS Sound,Boxout Wednesdays 214,30th Nov ,2022,India ,,"Dub, Reggae, Bass, Sound System",
Malfnktion ,Boxout Wednesdays 215,20th Dec,2022,USA,,"Hip-Hop, Bass, Experimental, Club",
Raj ,Boxout Wednesdays 215,20th Dec,2022,India ,New Delhi,"Hip-Hop, Beats, Soul, Chillhop",
Abhinav ,Boxout Wednesdays 215,20th Dec,2022,India ,New Delhi,"Electronica, Ambient, Downtempo, Experimental",
Sophie Farrell,Boxout Wednesdays 216,28th Dec,2022,,,"Soul, R&B, Jazz, Pop",
Ri Mistry ,Boxout Wednesdays 216,28th Dec,2022,,,"Soul, R&B, Electronica, Chill",
K-block,Boxout Wednesdays 216,28th Dec,2022,India ,New Delhi,"Hip-Hop, Beats, Club, Bass",
Mina,Boxout Wednesdays 217,11th Jan,2023,,,"Global Club, Afrobeat, Dance, Bass",
General Zooz,Boxout Wednesdays 217,11th Jan,2023,India ,,"Reggae, Dancehall, Dub, Roots",
Døgenikt,Boxout Wednesdays 217,11th Jan,2023,,,"Experimental, Ambient, Downtempo, Electronica",
DJ MoCity,Boxout Wednesdays 218,18th Jan,2023,India ,New Delhi,"Hip-Hop, Beats, Club, Bass",
Nash ,Boxout Wednesdays 218,18th Jan,2023,India ,New Delhi,"Hip-Hop, Beats, Soul, Chillhop",
Stain ,Boxout Wednesdays 218,18th Jan,2023,India ,New Delhi,"Bass, Dubstep, Breaks, Experimental",
Sodhi ,Boxout Wednesdays 218,18th Jan,2023,India ,New Delhi,"Hip-Hop, Beats, Club, Bass",
MC Soopy,Boxout Wednesdays 218,18th Jan,2023,India ,New Delhi,"Hip-Hop, Beats, Reggae, Soul",
Chrms,Boxout Wednesdays 219,25th Jan,2023,India ,Mumbai,"Pop, Electronic, Indie, Chill",
Mutable Mercury ,Boxout Wednesdays 219,25th Jan,2023,India ,New Delhi,"Experimental, Ambient, Downtempo, Electronica",
Maddeof,Boxout Wednesdays 219,25th Jan,2023,India ,New Delhi,"Techno, House, Experimental, Minimal",
Cassius Select,Boxout Wednesdays 221,8th feb,2023,,,"Global Club, Bass, Techno, Experimental",
Tera Kòrá,Boxout Wednesdays 222,15th Feb,2023,Netherlands,,"World, Electronica, Fusion, Experimental",
Secular Chai ,Boxout Wednesdays 223,22nd Feb,2023,India ,New Delhi,"Hip-Hop, Rap, Trap, Experimental",
YNG Daku ,Boxout Wednesdays 223,22nd Feb,2023,Australia,,"Hip-Hop, Rap, Soul, Chillhop",
FebbyMomma,Boxout Wednesdays 223,22nd Feb,2023,India ,,"Experimental, R&B, Hip-Hop, Electronic",
Gaika ,Boxout Wednesdays 224,1st March,2023,UK,London,"Hip-Hop, Rap, Experimental, Club",
Kofi Kofi ,Boxout Wednesdays 224,1st March,2023,India ,New Delhi,"Hip-Hop, Soul, R&B, Experimental",
Suggahunny ,Boxout Wednesdays 224,1st March,2023,India ,Mumbai,"R&B, Soul, Neo-Soul, Electronic",
SVDP,Boxout Wednesdays 224,1st March,2023,Canada,Toronto,"Hip-Hop, Rap, Experimental, Club",
DJ Dwell,Boxout Wednesdays 225,15th March,2023,India ,Bengaluru,"Techno, House, Electronica, Experimental",
Anuraag,Boxout Wednesdays 225,15th March,2023,,,"Electronica, Downtempo, Ambient, Experimental",
Shortsell,Boxout Wednesdays 225,15th March,2023,India ,New Delhi,"Hip-Hop, Beats, Club, Bass",
Fringe Mechanics,Boxout Wednesdays 225,15th March,2023,India ,New Delhi,"Hip-Hop, Experimental, Electronica, Beats",
Parimal Shais ,Boxout Wednesdays 226,22nd March,2023,India ,Bengaluru,"Hip-Hop, Beats, Club, Bass",
Pia Collada,Boxout Wednesdays 226,22nd March,2023,India ,Goa ,"House, Disco, Funk, Soul",
Antra,Boxout Wednesdays 226,22nd March,2023,India ,Chandigarh,"Electronica, Experimental, Downtempo, Ambient",
PhreshPrince,Boxout Wednesdays 226,22nd March,2023,India ,Kolkata,"Hip-Hop, Rap, Experimental, Club",
Paloma ,Boxout Wednesdays 227,29th March ,2023,Sri Lanka,Colombo,"Soul, R&B, Jazz, Chill",
Emanuel ,Boxout Wednesdays 227,29th March ,2023,Sri Lanka,Colombo,"Soul, Funk, Jazz, Fusion",
Jetson,Boxout Wednesdays 227,29th March ,2023,,,"Hip-Hop, Beats, Club, Bass",
Kefr,Boxout Wednesdays 227,29th March ,2023,India ,Mumbai,"Experimental, Electronica, Ambient, Downtempo",
Rasa ,Boxout Wednesdays 228,5th April ,2023,India ,Bengaluru,"Electronica, House, Organic, Downtempo",
Priyum ,Boxout Wednesdays 228,5th April ,2023,India ,New Delhi,"Hip-Hop, Beats, Soul, Chillhop",
Dam Square,Boxout Wednesdays 228,5th April ,2023,India ,New Delhi ,"Hip-Hop, Beats, Club, Bass",
Kalbaisakhi,Boxout Wednesdays 228,5th April ,2023,India ,New Delhi ,"Jazz, Fusion, Soul, Experimental",
$ombi ,Boxout Wednesdays 229,12th April ,2023,Germany,Berlin,"Hip-Hop, Trap, Bass, Experimental",
Uzairsawal ,Boxout Wednesdays 229,12th April ,2023,Malaysia,Kuala Lumpur,"Hip-Hop, Beats, Soul, Chillhop",
Sheral,Boxout Wednesdays 229,12th April ,2023,India ,New Delhi ,"Pop, Indie, Soul, R&B",
Mera Bhai ,Boxout Wednesdays 230,19th April ,2023,UK,London,"House, Disco, Funk, Soul",
Girls Night Out ,Boxout Wednesdays 230,19th April ,2023,India ,New Delhi ,"Disco, Funk, House, Soul",
DJ Pants,Boxout Wednesdays 230,19th April ,2023,India ,New Delhi ,"Hip-Hop, Beats, Club, Bass",
Hypho ,Boxout Wednesdays 231,26th April,2023,UK,London,"Grime, Dubstep, UK Bass, Club",
Stain ,Boxout Wednesdays 231,26th April,2023,India ,New Delhi ,"Bass, Dubstep, Breaks, Experimental",
Anirudh Khurana,Boxout Wednesdays 231,26th April,2023,India ,New Delhi ,"Electronica, Ambient, Downtempo, Experimental",
Antariksh Daddy,Boxout Wednesdays 232,3rd May,2023,India ,New Delhi ,"Hip-Hop, Beats, Club, Bass",
Prismer,Boxout Wednesdays 232,3rd May,2023,India ,New Delhi ,"Experimental, Downtempo, Ambient, Electronica",
Wave Diary,Boxout Wednesdays 232,3rd May,2023,India ,New Delhi ,"Hip-Hop, Beats, Soul, Chillhop",
Tarqeeb ,Boxout Wednesdays 233,10th May,2023,India ,Mumbai,"House, Techno, Soulful, Deep",
Sodhi ,Boxout Wednesdays 233,10th May,2023,India ,New Delhi ,"Hip-Hop, Beats, Club, Bass",
Zealotantrik,Boxout Wednesdays 233,10th May,2023,India ,New Delhi ,"Electronica, Ambient, Experimental, Techno",
DJ Ishani ,Boxout Wednesdays 234,17th May,2023,India ,Mumbai,"R&B, Soul, Pop, Electronica",
DJ Karma ,Boxout Wednesdays 234,17th May,2023,India ,New Delhi ,"Hip-Hop, Beats, Club, Soul",
Dr. Psych,Boxout Wednesdays 234,17th May,2023,India ,New Delhi ,"Techno, Experimental, Electronica, Ambient",
Anushka ,Boxout Wednesdays 235,24th May,2023,Germany,Berlin,"House, Techno, Electronica, Experimental",
Avviisha ,Boxout Wednesdays 235,24th May,2023,India ,New Delhi ,"R&B, Soul, Electronica, Pop",
Karl Bos,Boxout Wednesdays 235,24th May,2023,UK,London,"Jazz, Soul, Funk, Fusion",
House Of Yanos ,Boxout Wednesdays 236,31st May,2023,UAE,Dubai,"Amapiano, Afro House, Deep House, Soul",
thegreybox,Boxout Wednesdays 236,31st May,2023,India ,New Delhi ,"Electronica, Downtempo, Ambient, Experimental",
DJ Flight ,Boxout Wednesdays 237,7th June,2023,UK,London,"Drum and Bass, Jungle, Halftime, Breaks",
UKato ,Boxout Wednesdays 237,7th June,2023,India ,New Delhi ,"Hip-Hop, Beats, Club, Bass",
Mutable Mercury,Boxout Wednesdays 237,7th June,2023,India ,New Delhi ,"Experimental, Ambient, Downtempo, Electronica",
Lush Lata ,Boxout Wednesdays 238,14th June,2023,India ,New Delhi ,"Hip-Hop, Soul, R&B, Beats",
Anirudh Khurana,Boxout Wednesdays 238,14th June,2023,India ,New Delhi ,"Hip-Hop, Beats, Club, Bass",
Nake,Boxout Wednesdays 238,14th June,2023,India ,Jalandhar,"Electronica, Downtempo, Ambient, Chillhop",
Roni ,Boxout Wednesdays 239,21st June,2023,France,Paris,"Electronica, Soul, Jazz, Funk",
Sleepy Insomniac ,Boxout Wednesdays 239,21st June,2023,India ,New Delhi ,"Ambient, Downtempo, Electronica, Experimental",
Hiranya ,Boxout Wednesdays 239,21st June,2023,India ,New Delhi ,"Electronica, Downtempo, Chillhop, Experimental",
Shortsell,Boxout Wednesdays 239,21st June,2023,India ,New Delhi ,"Hip-Hop, Beats, Club, Bass",
Stellar Nursery ,Boxout Wednesdays 240,28th June,2023,India ,Mumbai,"Indie, Electronica, Ambient, Experimental",
Bird ,Boxout Wednesdays 240,28th June,2023,India ,New Delhi ,"Indie, Dream Pop, Electronica, Experimental",
Annushka,Boxout Wednesdays 240,28th June,2023,Germany,Berlin,"Electronica, Techno, Acid, Experimental",
Jerome Hill,Boxout Wednesdays 241,5th July,2023,UK,London,"Techno, House, Acid, Club",
Prismer,Boxout Wednesdays 241,5th July,2023,India ,New Delhi ,"Experimental, Downtempo, Ambient, Electronica",
FILM,Boxout Wednesdays 241,5th July,2023,India ,New Delhi ,"Electronica, Downtempo, Ambient, Experimental",
Ishu,Boxout Wednesdays 241,5th July,2023,UK,London,"Techno, House, Minimal, Experimental",
MadStarBase,Boxout Wednesdays 242,12th July,2023,India ,New Delhi ,"Hip-Hop, Beats, Reggae, Soul",
Pia Collada,Boxout Wednesdays 242,12th July,2023,India ,Goa,"House, Disco, Funk, Soul",
Noni-Mouse ,Boxout Wednesdays 242,12th July,2023,India ,Mumbai,"Experimental, Electronica, Downtempo, Pop",
Dualist Inquiry ,Boxout Wednesdays 243,19th July ,2023,India ,Goa,"Indie, Electronica, Pop, Fusion",
DJ MoCity,Boxout Wednesdays 243,19th July ,2023,India ,New Delhi ,"Hip-Hop, Beats, Club, Bass",
Tayhana,Boxout Wednesdays 244,26th July ,2023,Mexico,Mexico City,"Global Club, Experimental, Bass, Techno",
Anisha ,Boxout Wednesdays 244,26th July ,2023,India ,Mumbai,"R&B, Soul, Pop, Electronic",
Xytech,Boxout Wednesdays 244,26th July ,2023,India ,Lucknow,"Electronica, Experimental, Techno, Club",
Unfuckman ,Boxout Wednesdays 245,2nd Aug,2023,India ,New Delhi ,"Hip-Hop, Beats, Club, Bass",
Frappe Ash ,Boxout Wednesdays 245,2nd Aug,2023,India ,New Delhi ,"Hip-Hop, Soul, R&B, Chillhop",
Revo Lekhak ,Boxout Wednesdays 245,2nd Aug,2023,India ,New Delhi ,"Hip-Hop, Rap, Spoken Word, Experimental",
Shauharty,Boxout Wednesdays 245,2nd Aug,2023,India ,New Delhi ,"Hip-Hop, Trap, Experimental, Club",
Baajewala,Boxout Wednesdays 245,2nd Aug,2023,India ,New Delhi ,"Hip-Hop, Beats, Reggae, Soul",
Kahn ,Boxout Wednesdays 246,9th Aug,2023,UK,Bristol,"Dubstep, Grime, Bass, UK Garage",
Stain ,Boxout Wednesdays 246,9th Aug,2023,India ,New Delhi ,"Bass, Dubstep, Breaks, Experimental",
Lacuna ,Boxout Wednesdays 246,9th Aug,2023,India ,New Delhi ,"Ambient, Downtempo, Electronica, Chill",
Tanzen,Boxout Wednesdays 246,9th Aug,2023,India ,New Delhi ,"House, Techno, Electronica, Experimental",
Nadi,Boxout Wednesdays 247,16th Aug,2023,UK,Bristol,"Downtempo, Electronica, Chillhop, Ambient",
Dr. Psych,Boxout Wednesdays 247,16th Aug,2023,India ,New Delhi ,"Techno, Ambient, Experimental, Downtempo",
PhreshPrince,Boxout Wednesdays 247,16th Aug,2023,India ,New Delhi ,"Hip-Hop, Rap, Experimental, Club",
Polo Lilli ,Boxout Wednesdays 248,23rd Aug,2023,UK,Bristol,"Hip-Hop, Beats, Soul, Chillhop",
Nariki,Boxout Wednesdays 248,23rd Aug,2023,India ,Mumbai,"Hip-Hop, Rap, Experimental, Club",
Bombie,Boxout Wednesdays 248,23rd Aug,2023,India ,New Delhi ,"Bass, Club, Grime, Experimental",
DEFT,Boxout Wednesdays 249,30th Aug,2023,UK,Croydon,"Electronica, Downtempo, Experimental, Ambient",
BLUnt ,Boxout Wednesdays 249,30th Aug,2023,India ,Mumbai,"Hip-Hop, Beats, Reggae, Soul",
Anirudh Khurana,Boxout Wednesdays 249,30th Aug,2023,India ,New Delhi ,"Electronica, Ambient, Downtempo, Experimental",
Abhinav,Boxout Wednesdays 249,30th Aug,2023,India ,New Delhi ,"Techno, House, Experimental, Minimal",
Jubilee,Boxout Wednesdays 250,6th Sep,2023,USA,New Orleans,"Club, Bass, UK Funky, Garage",
Raka Ashok,Boxout Wednesdays 250,6th Sep,2023,India ,Bengaluru,"Electronica, Ambient, Downtempo, Experimental",
Dam Square,Boxout Wednesdays 250,6th Sep,2023,India ,New Delhi ,"Techno, House, Experimental, Minimal",
Phaedrus,Boxout Wednesdays 250,6th Sep,2023,India ,New Delhi ,"Grime, UK Funky, Bass, Club",
Oblig ,Boxout Wednesdays 251,13h Sep,2023,UK,London,"Bass, Dubstep, Breaks, Experimental",
Stain ,Boxout Wednesdays 251,13h Sep,2023,India ,New Delhi ,"Hip-Hop, Beats, Club, Bass",
Benkii,Boxout Wednesdays 251,13h Sep,2023,India ,Bengaluru,"Drum and Bass, Jungle, Halftime, Breaks",
Rohh,Boxout Wednesdays 251,13h Sep,2023,India ,New Delhi ,"Hip-Hop, Beats, Soul, Chillhop",
Abhi Meer,Boxout Wednesdays 252,20th Sep,2023,India ,Mumbai,"Techno, House, Experimental, Minimal",
Def ,Boxout Wednesdays 252,20th Sep,2023,India ,Jaipur,"Hip-Hop, Beats, Club, Bass",
Fringe Mechanics,Boxout Wednesdays 252,20th Sep,2023,India ,New Delhi ,"Bass, Experimental, Electronica, Club",
Joe Cotch ,Boxout Wednesdays 253,22nd Sep,2023,UK,London,"Techno, House, Electronica, Minimal",
HearTHuG,Boxout Wednesdays 253,22nd Sep,2023,North Africa,Tunisia,"Hip-Hop, Beats, Club, Bass",
Leala-Rain ,Boxout Wednesdays 253,22nd Sep,2023,UK,London,"Drum and Bass, Jungle, Halftime, Breaks",
Zwana,Boxout Wednesdays 253,22nd Sep,2023,UK,London,"Ambient, Downtempo, Chill, Experimental",
Sully ,Boxout Wednesdays 254,4th Oct,2023,UK,London,"Garage, Bassline, UK Funky, Club",
Iyre ,Boxout Wednesdays 254,4th Oct,2023,Sri Lanka,Colombo,"Drum and Bass, Jungle, Liquid, Halftime",
Janaka Selekta ,Boxout Wednesdays 254,4th Oct,2023,USA,San Francisco,"Global Bass, Reggae, Dub, Fusion",
Antariksh Daddy,Boxout Wednesdays 254,4th Oct,2023,India ,New Delhi ,"Hip-Hop, Beats, Club, Bass",
Ixist,Boxout Wednesdays 254,4th Oct,2023,India ,New Delhi ,"Experimental, Electronica, Club, Bass",
Surusinghe,Boxout Wednesdays 255,11th Oct,2023,UK,London,"Bass, Techno, Experimental, Club",
Sleepy Insomniac ,Boxout Wednesdays 255,11th Oct,2023,India ,New Delhi ,"Electronica, Downtempo, Chillhop, Experimental",
Avviisha ,Boxout Wednesdays 255,11th Oct,2023,India ,New Delhi ,"R&B, Soul, Pop, Electronica",
Ashna Malik,Boxout Wednesdays 255,11th Oct,2023,India ,New Delhi ,"Soul, R&B, Neo-Soul, Jazz",
S!RENE,Boxout Wednesdays 256,18th Oct,2023,Netherlands,,"Electronica, Experimental, Pop, Avant-Garde",
Kreon ,Boxout Wednesdays 256,18th Oct,2023,India ,New Delhi ,"House, Disco, Soul, Funk",
PhreshPrince,Boxout Wednesdays 256,18th Oct,2023,India ,Kolkata,"Hip-Hop, Rap, Experimental, Club",
Dr. Psych,Boxout Wednesdays 256,18th Oct,2023,India ,New Delhi ,"Techno, Ambient, Experimental, Downtempo",
Yung.Singh,Boxout Wednesdays 257,25th Oct,2023,UK,London,"UK Garage, Bass, Jungle, Club",
Kandy Kuri ,Boxout Wednesdays 257,25th Oct,2023,India ,Bengaluru,"Pop, R&B, Dance, Electronica",
Maddeof,Boxout Wednesdays 257,25th Oct,2023,India ,New Delhi ,"Hip-Hop, Beats, Club, Bass",
Hiranya ,Boxout Wednesdays 257,25th Oct,2023,India ,New Delhi ,"Electronica, Downtempo, Ambient, Experimental",
Su Real,Boxout Wednesdays 258,1st Nov ,2023,India ,New Delhi ,"Hip-Hop, Dancehall, Reggae, Bass",
Anirudh Khurana,Boxout Wednesdays 258,1st Nov ,2023,India ,New Delhi ,"Hip-Hop, Beats, Club, Bass",
Gandhar,Boxout Wednesdays 259,15th Nov,2023,India ,Mumbai,"Pop, Indie, Soul, R&B",
Pho,Boxout Wednesdays 259,15th Nov,2023,India ,New Delhi ,"Electronica, Downtempo, Ambient, Experimental",
Neffa-T,Boxout Wednesdays 260,22nd Nov,2023,UK,London,"Grime, Bass, Dubstep, Club",
Sodhi ,Boxout Wednesdays 260,22nd Nov,2023,India ,New Delhi ,"Hip-Hop, Beats, Club, Bass",
Pia Collada,Boxout Wednesdays 260,22nd Nov,2023,India ,Goa,"House, Disco, Funk, Soul",
Ceramic Records,Boxout Wednesdays 260,22nd Nov,2023,,,"Experimental, Indie, Electronica, Pop",
Jahneration ,Boxout Wednesdays 261,29th Nov ,2023,,,"Reggae, Dub, Dancehall, Roots",
Alo Wala ,Boxout Wednesdays 261,29th Nov ,2023,,,"Reggae, Dancehall, Bass, Global",
Reggae Rajahs,Boxout Wednesdays 261,29th Nov ,2023,India ,New Delhi ,"Reggae, Dub, Dancehall, Roots",
Memba ,Boxout Wednesdays 262,6th Dec,2023,,,"Bass, Trap, Club, Experimental",
Evan Giia ,Boxout Wednesdays 262,6th Dec,2023,,,"Pop, Electronic, Indie, Dance",
Lecomte De Brégeot ,Boxout Wednesdays 262,6th Dec,2023,,,"Electronic, Synthpop, Experimental, Ambient",
Sgamo ,Boxout Wednesdays 262,6th Dec,2023,Italy,Milan,"House, Electro, Indie Dance, Techno",
MadStarBase,Boxout Wednesdays 262,6th Dec,2023,India ,New Delhi ,"Hip-Hop, Beats, Reggae, Soul",
Raji Rags ,Boxout Wednesdays 263,13th Dec,2023,UK,London,"Hip-Hop, Beats, Club, Soul",
Elle Shimada,Boxout Wednesdays 263,13th Dec,2023,Australia,Melbourne,"Jazz, Fusion, Electronic, Experimental",
Ouinch Ouinch ,Boxout Wednesdays 264,20th Dec,2023,Switzerland,Geneva,"Club, Global Bass, Experimental, Techno",
Mulah ,Boxout Wednesdays 264,20th Dec,2023,Switzerland,Geneva,"Hip-Hop, Trap, Bass, Experimental",
Tej,Boxout Wednesdays 264,20th Dec,2023,India ,Goa,"Electronica, Ambient, Techno, Downtempo",
DYSTORIZON,Boxout Wednesdays 264,20th Dec,2023,Spain,Valencia,"Grime, UK Garage, Bass, Dubstep",
Killa P ,Boxout Wednesdays 265,17th Jan,2024,UK,London,"Dancehall, Dub, Sound System, Reggae",
Sir Spyro ,Boxout Wednesdays 265,17th Jan,2024,UK,London,"Reggae, Dub, Dancehall, Roots",
Stain ,Boxout Wednesdays 265,17th Jan,2024,India ,New Delhi ,"Reggae, Dub, Dancehall, Roots",
Warrior Sound ,Boxout Wednesdays 266,24th Jan,2024,,,"Hip-Hop, Reggae, Dub, Soul",
Diggy Dang,Boxout Wednesdays 266,24th Jan,2024,India,New Delhi,"Hip-Hop, Reggae, Dub, Roots",
DJ John McGrath ,Boxout Wednesdays 266,24th Jan,2024,,,"House, Disco, Funk, Soul",
Marie Lung ,Boxout Wednesdays 267,31st Jan,2024,Germany,Berlin,"Pop, Indie, Soul, R&B",
Formella,Boxout Wednesdays 267,31st Jan,2024,,,"House, Techno, Electronica, Deep",
LeoLeoLeo,Boxout Wednesdays 267,31st Jan,2024,,,"Hip-Hop, Trap, Experimental, Club",
Kayan ,Boxout Wednesdays 268,7th Feb,2024,India ,Mumbai,"R&B, Soul, Pop, Electronica",7 year bday 
Dr. Psych,Boxout Wednesdays 268,7th Feb,2024,India ,New Delhi ,"Techno, Ambient, Experimental, Downtempo",
Rabab,Boxout Wednesdays 268,7th Feb,2024,India ,Jalandhar,"Indie, Electronica, Ambient, Soul",
Brisky ,Boxout Wednesdays 268,7th Feb,2024,Canada,Toronto,"Hip-Hop, Beats, Club, Bass",
Lush Lata ,Boxout Wednesdays 269,14th Feb,2024,India ,New Delhi ,"Hip-Hop, Soul, R&B, Beats",
OG SHEZ,Boxout Wednesdays 269,14th Feb,2024,India ,Mumbai,"Hip-Hop, Rap, Experimental, Club",
Ase,Boxout Wednesdays 269,14th Feb,2024,India ,New Delhi ,"Hip-Hop, R&B, Soul, Pop",
DJ Pants,Boxout Wednesdays 269,14th Feb,2024,India ,New Delhi ,"House, Disco, Funk, Soul",
Debonair ,Boxout Wednesdays 270,21st Feb,2024,UK,London,"House, Techno, Minimal, Experimental",
Dreamstates,Boxout Wednesdays 270,21st Feb,2024,India ,Mumbai,"Electronica, Downtempo, Ambient, Chillhop",
Jander,Boxout Wednesdays 270,21st Feb,2024,UK,London,"Electronica, Downtempo, Indie, Pop",
Seedhe Maut,Boxout Wednesdays 271,28th Feb,2024,India ,New Delhi ,"Hip-Hop, Rap, Experimental, Trap",LAST PARTY
Sodhi ,Boxout Wednesdays 271,28th Feb,2024,India ,New Delhi ,"Hip-Hop, Beats, Club, Bass",
Abhi Meer,Boxout Wednesdays 271,28th Feb,2024,India ,Mumbai,"Hip-Hop, Beats, Reggae, Soul",
BAGMEN,Boxout Wednesdays 271,28th Feb,2024,India ,New Delhi ,"Hip-Hop, Trap, Experimental, Bass",
Ketjki ,Boxout Wednesdays 271,28th Feb,2024,UK,London,"R&B, Soul, Electronica, Pop",